product_id,stage_name,stage_start,stage_end,wait_time_min,process_time_min,defect_occurred
1,Turning_Milling,578.8842,750.0429,0.0,171.1587,False
2,Turning_Milling,593.2583,811.0518,0.0,217.7934,False
1,QC_Turning,750.0429,813.8626,0.0,63.8197,False
1,Laser_Marking,813.8626,892.9692,0.0,79.1066,False
2,QC_Turning,813.8626,916.52,2.8109,102.6573,False
2,Laser_Marking,916.52,953.8948,0.0,37.3748,False
1,Lapping,892.9692,1215.7389,0.0,322.7697,False
2,Lapping,953.8948,1219.0521,0.0,265.1573,False
2,Round_Grinding,1219.0521,1339.9313,0.0,120.8792,False
2,Final_Inspection,1339.9313,1378.8019,0.0,38.8706,False
2,Packing,1378.8019,1438.8019,0.0,60.0,False
1,Round_Grinding,1215.7389,1522.8452,0.0,307.1063,False
1,Final_Inspection,1522.8452,1580.0783,0.0,57.2331,False
1,Packing,1580.0783,1640.0783,0.0,60.0,False
3,Turning_Milling,1234.064,1874.5771,0.0,640.5131,False
3,QC_Turning,1874.5771,1951.3787,0.0,76.8016,False
3,Laser_Marking,1951.3787,1975.9629,0.0,24.5842,False
4,Turning_Milling,1780.9616,1978.7222,0.0,197.7606,False
4,QC_Turning,1978.7222,2022.4552,0.0,43.733,False
4,Laser_Marking,2022.4552,2047.1698,0.0,24.7146,False
3,Lapping,1975.9629,2093.9598,0.0,117.9969,False
4,Lapping,2047.1698,2131.4954,0.0,84.3256,False
4,Round_Grinding,2131.4954,2178.4928,0.0,46.9974,False
4,Final_Inspection,2178.4928,2254.5735,0.0,76.0807,False
5,Turning_Milling,2038.5306,2262.5596,0.0,224.0291,False
4,Packing,2254.5735,2314.5735,0.0,60.0,False
3,Round_Grinding,2093.9598,2470.251,0.0,376.2912,False
5,QC_Turning,2262.5596,2539.9503,0.0,277.3906,False
5,Laser_Marking,2539.9503,2595.2446,0.0,55.2943,False
5,Lapping,2595.2446,2612.8494,0.0,17.6049,False
3,Final_Inspection,2470.251,2613.4246,0.0,143.1735,False
3,Packing,2613.4246,2673.4246,0.0,60.0,False
5,Round_Grinding,2612.8494,2707.3224,0.0,94.473,False
5,Final_Inspection,2707.3224,2878.8037,0.0,171.4813,False
5,Packing,2878.8037,2938.8037,0.0,60.0,False
7,Turning_Milling,3528.5929,3717.4257,0.0,188.8328,False
7,QC_Turning,3717.4257,3779.3491,0.0,61.9234,False
7,Laser_Marking,3779.3491,3844.8362,0.0,65.4871,False
6,Turning_Milling,3434.4646,3895.2214,0.0,460.7568,False
7,Lapping,3844.8362,3927.2993,0.0,82.4631,False
6,QC_Turning,3895.2214,3950.086,0.0,54.8646,False
6,Laser_Marking,3950.086,3989.7676,0.0,39.6815,False
6,Lapping,3989.7676,4038.1827,0.0,48.4151,False
6,Round_Grinding,4038.1827,4102.3734,0.0,64.1908,False
8,Turning_Milling,3957.4954,4109.3836,0.0,151.8882,False
8,QC_Turning,4109.3836,4131.7651,0.0,22.3814,False
7,Round_Grinding,3927.2993,4165.8906,0.0,238.5913,False
8,Laser_Marking,4131.7651,4171.7503,0.0,39.9853,False
8,Lapping,4171.7503,4232.1983,0.0,60.4479,False
10,Turning_Milling,4182.4664,4307.5466,0.0,125.0801,False
10,QC_Turning,4307.5466,4342.2213,0.0,34.6747,False
8,Round_Grinding,4232.1983,4349.5933,0.0,117.395,False
10,Laser_Marking,4342.2213,4363.9618,0.0,21.7405,False
10,Lapping,4363.9618,4379.5253,0.0,15.5635,False
10,Round_Grinding,4379.5253,4398.26,0.0,18.7347,False
11,Turning_Milling,4344.7102,4450.077,0.0,105.3668,False
11,QC_Turning,4450.077,4534.7378,0.0,84.6608,False
11,Laser_Marking,4534.7378,4590.9537,0.0,56.2158,False
11,Lapping,4590.9537,4607.029,0.0,16.0754,False
6,Final_Inspection,4102.3734,4709.0657,0.0,606.6923,False
12,Turning_Milling,4635.5886,4733.3408,0.0,97.7522,False
12,QC_Turning,4733.3408,4747.0576,0.0,13.7168,False
6,Packing,4709.0657,4769.0657,0.0,60.0,False
7,Final_Inspection,4709.0657,4774.7168,543.1752,65.6511,False
12,Laser_Marking,4747.0576,4778.9459,0.0,31.8882,False
13,Turning_Milling,4682.9764,4799.1593,0.0,116.1829,False
8,Final_Inspection,4774.7168,4806.4504,425.1236,31.7336,False
12,Lapping,4778.9459,4813.1271,0.0,34.1812,False
7,Packing,4774.7168,4834.7168,0.0,60.0,False
9,Turning_Milling,4101.9252,4871.6286,0.0,769.7034,False
11,Round_Grinding,4607.029,4886.7682,0.0,279.7392,False
12,Round_Grinding,4813.1271,4894.5483,0.0,81.4212,False
8,Packing,4834.7168,4894.7168,28.2664,60.0,False
14,Turning_Milling,4835.1492,4921.8886,0.0,86.7393,False
13,QC_Turning,4799.1593,4952.2269,0.0,153.0676,False
9,QC_Turning,4952.2269,4984.3874,80.5983,32.1605,False
13,Laser_Marking,4952.2269,4992.9614,0.0,40.7345,False
9,Laser_Marking,4992.9614,5078.703,8.574,85.7415,False
13,Lapping,4992.9614,5104.28,0.0,111.3185,False
9,Lapping,5078.703,5120.481,0.0,41.778,False
14,QC_Turning,4984.3874,5173.909,62.4988,189.5215,False
10,Final_Inspection,4806.4504,5186.0175,408.1904,379.567,False
13,Round_Grinding,5104.28,5209.3573,0.0,105.0773,False
15,Turning_Milling,4904.7543,5232.1199,0.0,327.3656,False
15,QC_Turning,5232.1199,5238.9883,0.0,6.8684,False
14,Laser_Marking,5173.909,5243.2327,0.0,69.3237,False
9,Round_Grinding,5120.481,5244.9939,0.0,124.5129,False
10,Packing,5186.0175,5246.0175,0.0,60.0,False
14,Lapping,5243.2327,5255.2578,0.0,12.0251,False
15,Laser_Marking,5243.2327,5258.5456,4.2444,15.3128,False
14,Round_Grinding,5255.2578,5334.7148,0.0,79.457,False
11,Final_Inspection,5186.0175,5335.2929,299.2493,149.2754,False
11,Packing,5335.2929,5395.2929,0.0,60.0,False
12,Final_Inspection,5335.2929,5396.9639,440.7446,61.671,False
15,Lapping,5258.5456,5444.1257,0.0,185.5802,False
12,Packing,5396.9639,5456.9639,0.0,60.0,False
13,Final_Inspection,5396.9639,5484.0596,187.6066,87.0956,False
13,Packing,5484.0596,5544.0596,0.0,60.0,False
9,Final_Inspection,5484.0596,5601.7794,239.0656,117.7198,False
9,Packing,5601.7794,5661.7794,0.0,60.0,False
15,Round_Grinding,5444.1257,5677.1381,0.0,233.0124,False
16,Turning_Milling,5431.6433,5711.4683,0.0,279.825,False
14,Final_Inspection,5601.7794,5730.7879,267.0646,129.0085,False
15,Final_Inspection,5730.7879,5745.2099,53.6498,14.422,False
16,QC_Turning,5711.4683,5763.1249,0.0,51.6566,False
14,Packing,5730.7879,5790.7879,0.0,60.0,False
16,Laser_Marking,5763.1249,5818.8418,0.0,55.7169,False
15,Packing,5790.7879,5850.7879,45.578,60.0,False
16,Lapping,5818.8418,5862.44,0.0,43.5982,False
16,Round_Grinding,5862.44,6101.4191,0.0,238.9791,False
16,Final_Inspection,6101.4191,6142.6742,0.0,41.2551,False
16,Packing,6142.6742,6202.6742,0.0,60.0,False
17,Turning_Milling,6131.7649,6382.5927,0.0,250.8278,False
17,QC_Turning,6382.5927,6577.8769,0.0,195.2841,False
17,Laser_Marking,6577.8769,6604.114,0.0,26.2372,False
17,Lapping,6604.114,6630.2027,0.0,26.0887,False
17,Round_Grinding,6630.2027,6679.6306,0.0,49.4279,False
17,Final_Inspection,6679.6306,6711.2152,0.0,31.5846,True
17,Packing,6711.2152,6771.2152,0.0,60.0,False
18,Turning_Milling,7033.9518,7142.5641,0.0,108.6123,False
18,QC_Turning,7142.5641,7397.8395,0.0,255.2753,False
18,Laser_Marking,7397.8395,7433.5609,0.0,35.7215,False
18,Lapping,7433.5609,7567.0186,0.0,133.4577,False
18,Round_Grinding,7567.0186,7976.1393,0.0,409.1207,False
19,Turning_Milling,7868.1069,8097.831,0.0,229.724,False
18,Final_Inspection,7976.1393,8161.7836,0.0,185.6444,False
19,QC_Turning,8097.831,8179.6434,0.0,81.8125,False
19,Laser_Marking,8179.6434,8210.8697,0.0,31.2263,False
18,Packing,8161.7836,8221.7836,0.0,60.0,False
19,Lapping,8210.8697,8248.7906,0.0,37.9208,False
19,Round_Grinding,8248.7906,8468.6435,0.0,219.8529,False
19,Final_Inspection,8468.6435,8562.2663,0.0,93.6228,False
19,Packing,8562.2663,8622.2663,0.0,60.0,False
20,Turning_Milling,8640.6065,8969.0677,0.0,328.4611,False
20,QC_Turning,8969.0677,9087.8257,0.0,118.758,True
20,Laser_Marking,9087.8257,9110.7915,0.0,22.9658,False
20,Lapping,9110.7915,9341.489,0.0,230.6975,False
20,Round_Grinding,9341.489,9535.1428,0.0,193.6538,False
20,Final_Inspection,9535.1428,9579.0066,0.0,43.8638,False
20,Packing,9579.0066,9639.0066,0.0,60.0,False
21,Turning_Milling,9975.4685,10184.8662,0.0,209.3978,False
21,QC_Turning,10184.8662,10199.7638,0.0,14.8975,False
21,Laser_Marking,10199.7638,10234.5058,0.0,34.742,False
21,Lapping,10234.5058,10329.4168,0.0,94.9111,False
21,Round_Grinding,10329.4168,10399.073,0.0,69.6561,False
21,Final_Inspection,10399.073,10431.4727,0.0,32.3997,False
21,Packing,10431.4727,10491.4727,0.0,60.0,False
22,Turning_Milling,10620.5777,10795.6831,0.0,175.1054,False
22,QC_Turning,10795.6831,10829.4191,0.0,33.736,False
22,Laser_Marking,10829.4191,10923.4038,0.0,93.9847,False
22,Lapping,10923.4038,10965.5132,0.0,42.1094,False
22,Round_Grinding,10965.5132,11151.2132,0.0,185.7,False
22,Final_Inspection,11151.2132,11281.364,0.0,130.1508,False
22,Packing,11281.364,11341.364,0.0,60.0,False
23,Turning_Milling,11632.6235,11754.719,0.0,122.0955,False
23,QC_Turning,11754.719,11832.6579,0.0,77.9389,False
23,Laser_Marking,11832.6579,11959.4773,0.0,126.8193,False
23,Lapping,11959.4773,12010.3175,0.0,50.8402,False
24,Turning_Milling,11701.6542,12014.0793,0.0,312.4251,False
24,QC_Turning,12014.0793,12058.4381,0.0,44.3588,False
25,Turning_Milling,11988.3922,12059.2182,0.0,70.8261,False
24,Laser_Marking,12058.4381,12069.9491,0.0,11.511,False
24,Lapping,12069.9491,12077.7952,0.0,7.8461,False
25,QC_Turning,12059.2182,12119.8656,0.0,60.6474,False
25,Laser_Marking,12119.8656,12159.7184,0.0,39.8527,False
24,Round_Grinding,12077.7952,12171.7271,0.0,93.9319,False
24,Final_Inspection,12171.7271,12186.1474,0.0,14.4203,False
25,Lapping,12159.7184,12201.4655,0.0,41.7472,False
24,Packing,12186.1474,12246.1474,0.0,60.0,False
25,Round_Grinding,12201.4655,12360.1911,0.0,158.7256,False
23,Round_Grinding,12010.3175,12450.6289,0.0,440.3115,False
26,Turning_Milling,12388.5593,12472.9594,0.0,84.4001,False
25,Final_Inspection,12360.1911,12484.5625,0.0,124.3713,False
23,Final_Inspection,12484.5625,12541.1308,33.9335,56.5683,False
25,Packing,12484.5625,12544.5625,0.0,60.0,False
26,QC_Turning,12472.9594,12581.5251,0.0,108.5657,False
23,Packing,12544.5625,12604.5625,3.4317,60.0,False
26,Laser_Marking,12581.5251,12636.3197,0.0,54.7946,False
27,Turning_Milling,12443.988,12667.7515,0.0,223.7635,False
26,Lapping,12636.3197,12670.1323,0.0,33.8126,False
26,Round_Grinding,12670.1323,12762.1195,0.0,91.9872,False
26,Final_Inspection,12762.1195,12852.5736,0.0,90.4541,False
26,Packing,12852.5736,12912.5736,0.0,60.0,False
27,QC_Turning,12667.7515,12943.4994,0.0,275.7479,False
27,Laser_Marking,12943.4994,12986.7062,0.0,43.2068,False
27,Lapping,12986.7062,13049.1216,0.0,62.4154,False
27,Round_Grinding,13049.1216,13090.6534,0.0,41.5318,False
27,Final_Inspection,13090.6534,13119.8901,0.0,29.2367,False
28,Turning_Milling,12938.4004,13158.4165,0.0,220.0161,False
27,Packing,13119.8901,13179.8901,0.0,60.0,False
28,QC_Turning,13158.4165,13291.8571,0.0,133.4406,False
28,Laser_Marking,13291.8571,13340.1231,0.0,48.266,False
28,Lapping,13340.1231,13375.7551,0.0,35.6319,False
28,Round_Grinding,13375.7551,13482.8914,0.0,107.1364,False
28,Final_Inspection,13482.8914,13531.8235,0.0,48.9321,False
28,Packing,13531.8235,13591.8235,0.0,60.0,False
29,Turning_Milling,13616.7904,13895.1086,0.0,278.3182,False
29,QC_Turning,13895.1086,14071.1362,0.0,176.0276,False
29,Laser_Marking,14071.1362,14109.1973,0.0,38.0611,False
29,Lapping,14109.1973,14133.9346,0.0,24.7373,False
29,Round_Grinding,14133.9346,14259.2674,0.0,125.3328,False
30,Turning_Milling,13956.5829,14322.175,0.0,365.5921,False
30,QC_Turning,14322.175,14341.4531,0.0,19.2781,False
29,Final_Inspection,14259.2674,14344.3434,0.0,85.076,False
30,Laser_Marking,14341.4531,14374.9553,0.0,33.5022,False
29,Packing,14344.3434,14404.3434,0.0,60.0,False
31,Turning_Milling,14616.462,15033.7916,0.0,417.3296,False
30,Lapping,14374.9553,15053.6559,0.0,678.7006,False
31,QC_Turning,15033.7916,15167.2836,0.0,133.492,False
31,Laser_Marking,15167.2836,15202.6432,0.0,35.3596,False
30,Round_Grinding,15053.6559,15285.7642,0.0,232.1083,False
30,Final_Inspection,15285.7642,15351.1196,0.0,65.3554,False
31,Lapping,15202.6432,15364.2268,0.0,161.5836,False
30,Packing,15351.1196,15411.1196,0.0,60.0,False
32,Turning_Milling,15249.5653,15515.2037,0.0,265.6384,False
32,QC_Turning,15515.2037,15539.3186,0.0,24.1148,False
31,Round_Grinding,15364.2268,15547.8587,0.0,183.6319,False
32,Laser_Marking,15539.3186,15575.6297,0.0,36.3111,False
31,Final_Inspection,15547.8587,15604.1461,0.0,56.2874,False
32,Lapping,15575.6297,15656.8942,0.0,81.2645,False
31,Packing,15604.1461,15664.1461,0.0,60.0,False
32,Round_Grinding,15656.8942,15816.3062,0.0,159.412,False
32,Final_Inspection,15816.3062,15856.0728,0.0,39.7666,False
32,Packing,15856.0728,15916.0728,0.0,60.0,False
33,Turning_Milling,15442.5058,15968.3505,0.0,525.8447,False
33,QC_Turning,15968.3505,16038.331,0.0,69.9804,False
33,Laser_Marking,16038.331,16051.7587,0.0,13.4277,False
34,Turning_Milling,15697.3538,16094.5344,0.0,397.1806,False
34,QC_Turning,16094.5344,16156.7204,0.0,62.186,False
34,Laser_Marking,16156.7204,16187.5852,0.0,30.8648,False
35,Turning_Milling,16088.874,16225.1103,0.0,136.2363,False
34,Lapping,16187.5852,16255.5841,0.0,67.9989,False
33,Lapping,16051.7587,16318.9308,0.0,267.1721,False
35,QC_Turning,16225.1103,16349.6858,0.0,124.5755,False
35,Laser_Marking,16349.6858,16452.1395,0.0,102.4537,False
33,Round_Grinding,16318.9308,16486.0536,0.0,167.1229,False
35,Lapping,16452.1395,16514.4896,0.0,62.3501,False
35,Round_Grinding,16514.4896,16590.5936,0.0,76.1039,False
33,Final_Inspection,16486.0536,16626.3203,0.0,140.2667,False
33,Packing,16626.3203,16686.3203,0.0,60.0,False
35,Final_Inspection,16626.3203,16693.5993,35.7267,67.279,False
34,Round_Grinding,16255.5841,16717.0685,0.0,461.4844,False
35,Packing,16693.5993,16753.5993,0.0,60.0,False
36,Turning_Milling,16277.5421,16961.8168,0.0,684.2747,False
37,Turning_Milling,16554.4189,17004.8988,0.0,450.4799,False
38,Turning_Milling,16788.9882,17008.6053,0.0,219.6172,False
36,QC_Turning,16961.8168,17130.9874,0.0,169.1706,False
36,Laser_Marking,17130.9874,17150.1929,0.0,19.2055,False
37,QC_Turning,17130.9874,17248.0924,126.0886,117.105,False
36,Lapping,17150.1929,17274.5617,0.0,124.3689,False
37,Laser_Marking,17248.0924,17291.4302,0.0,43.3378,False
36,Round_Grinding,17274.5617,17354.3507,0.0,79.789,False
37,Lapping,17291.4302,17397.5568,0.0,106.1267,False
34,Final_Inspection,16717.0685,17488.0604,0.0,770.9919,False
37,Round_Grinding,17397.5568,17490.3152,0.0,92.7584,False
38,QC_Turning,17248.0924,17512.9457,239.4871,264.8533,False
36,Final_Inspection,17488.0604,17525.6272,133.7097,37.5668,False
34,Packing,17488.0604,17548.0604,0.0,60.0,False
38,Laser_Marking,17512.9457,17572.173,0.0,59.2273,False
36,Packing,17548.0604,17608.0604,22.4332,60.0,False
38,Lapping,17572.173,17667.1037,0.0,94.9308,False
37,Final_Inspection,17525.6272,17749.207,35.312,223.5798,False
37,Packing,17749.207,17809.207,0.0,60.0,False
38,Round_Grinding,17667.1037,17932.4379,0.0,265.3342,False
39,Turning_Milling,17568.4169,18027.2093,0.0,458.7924,False
40,Turning_Milling,17958.0755,18119.2667,0.0,161.1912,False
39,QC_Turning,18027.2093,18119.302,0.0,92.0927,False
38,Final_Inspection,17932.4379,18217.3893,0.0,284.9514,False
40,QC_Turning,18119.302,18217.658,0.0352,98.356,False
38,Packing,18217.3893,18277.3893,0.0,60.0,False
39,Laser_Marking,18119.302,18346.837,0.0,227.535,False
39,Lapping,18346.837,18412.1459,0.0,65.309,False
40,Laser_Marking,18346.837,18423.8097,129.179,76.9727,False
39,Round_Grinding,18412.1459,18546.8261,0.0,134.6801,False
39,Final_Inspection,18546.8261,18583.0512,0.0,36.2251,True
39,Packing,18583.0512,18643.0512,0.0,60.0,False
41,Turning_Milling,18547.9469,18751.7279,0.0,203.781,False
41,QC_Turning,18751.7279,18781.6248,0.0,29.8968,False
41,Laser_Marking,18781.6248,18908.3603,0.0,126.7355,False
40,Lapping,18423.8097,18916.3337,0.0,492.524,False
41,Lapping,18908.3603,18957.0365,0.0,48.6763,False
41,Round_Grinding,18957.0365,19062.2084,0.0,105.1719,False
42,Turning_Milling,18984.414,19095.2413,0.0,110.8273,False
41,Final_Inspection,19062.2084,19118.1952,0.0,55.9868,False
42,QC_Turning,19095.2413,19150.3517,0.0,55.1104,False
41,Packing,19118.1952,19178.1952,0.0,60.0,False
42,Laser_Marking,19150.3517,19185.5257,0.0,35.174,False
40,Round_Grinding,18916.3337,19259.5216,0.0,343.1879,False
42,Lapping,19185.5257,19320.2066,0.0,134.6809,False
40,Final_Inspection,19259.5216,19321.7066,0.0,62.185,False
40,Packing,19321.7066,19381.7066,0.0,60.0,False
42,Round_Grinding,19320.2066,19462.9846,0.0,142.778,False
42,Final_Inspection,19462.9846,19520.5119,0.0,57.5272,False
42,Packing,19520.5119,19580.5119,0.0,60.0,False
43,Turning_Milling,20223.0763,20378.4675,0.0,155.3912,False
43,QC_Turning,20378.4675,20425.5932,0.0,47.1257,False
43,Laser_Marking,20425.5932,20454.2977,0.0,28.7046,False
43,Lapping,20454.2977,20472.9934,0.0,18.6957,False
43,Round_Grinding,20472.9934,20577.9147,0.0,104.9213,False
43,Final_Inspection,20577.9147,20675.299,0.0,97.3843,False
43,Packing,20675.299,20735.299,0.0,60.0,False
44,Turning_Milling,21045.2928,21141.6881,0.0,96.3953,False
44,QC_Turning,21141.6881,21336.7818,0.0,195.0937,False
44,Laser_Marking,21336.7818,21380.9773,0.0,44.1955,False
44,Lapping,21380.9773,21444.9832,0.0,64.0059,False
44,Round_Grinding,21444.9832,21490.7143,0.0,45.7311,False
44,Final_Inspection,21490.7143,21563.4148,0.0,72.7005,False
44,Packing,21563.4148,21623.4148,0.0,60.0,False
45,Turning_Milling,21453.8814,21789.421,0.0,335.5396,False
45,QC_Turning,21789.421,21818.9502,0.0,29.5292,False
45,Laser_Marking,21818.9502,21851.6864,0.0,32.7362,False
45,Lapping,21851.6864,21878.6614,0.0,26.975,False
45,Round_Grinding,21878.6614,22019.0176,0.0,140.3561,False
46,Turning_Milling,21636.3926,22143.565,0.0,507.1724,False
46,QC_Turning,22143.565,22228.1235,0.0,84.5585,False
46,Laser_Marking,22228.1235,22251.5426,0.0,23.4191,False
46,Lapping,22251.5426,22345.054,0.0,93.5114,False
46,Round_Grinding,22345.054,22405.7974,0.0,60.7434,False
45,Final_Inspection,22019.0176,22477.9836,0.0,458.9661,False
46,Final_Inspection,22477.9836,22518.4546,72.1863,40.471,False
45,Packing,22477.9836,22537.9836,0.0,60.0,False
46,Packing,22537.9836,22597.9836,19.529,60.0,False
47,Turning_Milling,22723.6737,23341.1571,0.0,617.4834,False
47,QC_Turning,23341.1571,23463.6506,0.0,122.4935,False
47,Laser_Marking,23463.6506,23528.261,0.0,64.6104,False
47,Lapping,23528.261,23615.9939,0.0,87.7329,False
47,Round_Grinding,23615.9939,23814.6842,0.0,198.6904,False
47,Final_Inspection,23814.6842,23858.9185,0.0,44.2343,False
47,Packing,23858.9185,23918.9185,0.0,60.0,False
48,Turning_Milling,24806.9128,25306.5498,0.0,499.6369,False
48,QC_Turning,25306.5498,25414.1526,0.0,107.6028,False
48,Laser_Marking,25414.1526,25480.3902,0.0,66.2376,False
48,Lapping,25480.3902,25500.0466,0.0,19.6564,False
48,Round_Grinding,25500.0466,25649.3057,0.0,149.2591,False
48,Final_Inspection,25649.3057,25746.3708,0.0,97.0651,False
48,Packing,25746.3708,25806.3708,0.0,60.0,False
49,Turning_Milling,25532.5648,25824.9246,0.0,292.3598,False
49,QC_Turning,25824.9246,25855.889,0.0,30.9644,False
49,Laser_Marking,25855.889,25881.0244,0.0,25.1353,False
49,Lapping,25881.0244,25955.9732,0.0,74.9488,False
49,Round_Grinding,25955.9732,26013.4713,0.0,57.4982,False
49,Final_Inspection,26013.4713,26050.5201,0.0,37.0488,False
49,Packing,26050.5201,26110.5201,0.0,60.0,False
51,Turning_Milling,25953.405,26168.0737,0.0,214.6686,False
51,QC_Turning,26168.0737,26209.6031,0.0,41.5294,False
51,Laser_Marking,26209.6031,26230.6219,0.0,21.0188,False
51,Lapping,26230.6219,26317.7372,0.0,87.1153,False
50,Turning_Milling,25910.9533,26549.7983,0.0,638.8451,False
50,QC_Turning,26549.7983,26590.0243,0.0,40.2259,False
50,Laser_Marking,26590.0243,26665.4362,0.0,75.412,False
50,Lapping,26665.4362,26813.1426,0.0,147.7064,False
50,Round_Grinding,26813.1426,27014.8655,0.0,201.7229,False
50,Final_Inspection,27014.8655,27090.9691,0.0,76.1036,False
51,Round_Grinding,26317.7372,27092.3163,0.0,774.5791,False
52,Turning_Milling,26654.9191,27099.7374,0.0,444.8183,False
53,Turning_Milling,26765.5684,27127.4868,0.0,361.9184,False
50,Packing,27090.9691,27150.9691,0.0,60.0,False
51,Final_Inspection,27092.3163,27178.4973,0.0,86.181,False
51,Packing,27178.4973,27238.4973,0.0,60.0,False
52,QC_Turning,27099.7374,27345.0251,0.0,245.2877,False
53,QC_Turning,27345.0251,27383.4405,217.5383,38.4155,False
54,Turning_Milling,27237.298,27413.5218,0.0,176.2238,False
52,Laser_Marking,27345.0251,27437.9756,0.0,92.9505,False
52,Lapping,27437.9756,27472.0684,0.0,34.0928,False
54,QC_Turning,27413.5218,27477.3411,0.0,63.8194,False
53,Laser_Marking,27437.9756,27478.4578,54.535,40.4822,False
53,Lapping,27478.4578,27502.6665,0.0,24.2087,False
54,Laser_Marking,27478.4578,27597.2459,1.1167,118.7881,False
53,Round_Grinding,27502.6665,27606.0903,0.0,103.4238,False
52,Round_Grinding,27472.0684,27614.2209,0.0,142.1525,False
54,Lapping,27597.2459,27717.0334,0.0,119.7875,False
53,Final_Inspection,27606.0903,27803.593,0.0,197.5027,False
53,Packing,27803.593,27863.593,0.0,60.0,False
52,Final_Inspection,27803.593,27922.5795,189.3721,118.9865,False
52,Packing,27922.5795,27982.5795,0.0,60.0,False
54,Round_Grinding,27717.0334,28140.2633,0.0,423.2299,False
54,Final_Inspection,28140.2633,28223.252,0.0,82.9888,False
54,Packing,28223.252,28283.252,0.0,60.0,False
55,Turning_Milling,27695.9208,28409.342,0.0,713.4212,False
55,QC_Turning,28409.342,28432.0523,0.0,22.7103,False
55,Laser_Marking,28432.0523,28470.8786,0.0,38.8263,False
56,Turning_Milling,28586.0975,28760.0754,0.0,173.9779,False
56,QC_Turning,28760.0754,28816.5312,0.0,56.4558,False
56,Laser_Marking,28816.5312,28857.0805,0.0,40.5493,False
56,Lapping,28857.0805,29030.1207,0.0,173.0402,False
55,Lapping,28470.8786,29051.3349,0.0,580.4563,False
57,Turning_Milling,28912.7916,29137.4983,0.0,224.7066,False
58,Turning_Milling,29173.0552,29257.0604,0.0,84.0052,False
55,Round_Grinding,29051.3349,29308.5608,0.0,257.2259,False
59,Turning_Milling,29234.4826,29350.5292,0.0,116.0465,False
55,Final_Inspection,29308.5608,29351.8977,0.0,43.3369,False
55,Packing,29351.8977,29411.8977,0.0,60.0,False
57,QC_Turning,29137.4983,29465.8158,0.0,328.3175,False
56,Round_Grinding,29030.1207,29482.6612,0.0,452.5404,False
58,QC_Turning,29465.8158,29482.7845,208.7554,16.9687,False
59,QC_Turning,29482.7845,29492.8653,132.2553,10.0808,False
57,Laser_Marking,29465.8158,29580.6978,0.0,114.882,False
57,Lapping,29580.6978,29589.5419,0.0,8.8441,False
58,Laser_Marking,29580.6978,29591.8431,97.9134,11.1453,False
59,Laser_Marking,29591.8431,29624.2598,98.9778,32.4167,False
58,Lapping,29591.8431,29634.4925,0.0,42.6494,False
56,Final_Inspection,29482.6612,29703.6239,0.0,220.9627,False
59,Lapping,29624.2598,29710.4457,0.0,86.1859,False
58,Round_Grinding,29634.4925,29751.0156,0.0,116.5231,False
56,Packing,29703.6239,29763.6239,0.0,60.0,False
58,Final_Inspection,29751.0156,29776.2836,0.0,25.268,False
59,Round_Grinding,29710.4457,29808.3235,0.0,97.8777,False
58,Packing,29776.2836,29836.2836,0.0,60.0,False
57,Round_Grinding,29589.5419,29891.4043,0.0,301.8624,False
59,Final_Inspection,29808.3235,29903.9469,0.0,95.6235,False
59,Packing,29903.9469,29963.9469,0.0,60.0,False
57,Final_Inspection,29903.9469,30056.5385,12.5426,152.5916,False
57,Packing,30056.5385,30116.5385,0.0,60.0,False
60,Turning_Milling,30572.1408,30767.4051,0.0,195.2643,False
60,QC_Turning,30767.4051,30877.989,0.0,110.5839,False
60,Laser_Marking,30877.989,30918.2328,0.0,40.2439,False
60,Lapping,30918.2328,31074.2022,0.0,155.9694,False
61,Turning_Milling,31326.1958,31668.9567,0.0,342.7609,False
61,QC_Turning,31668.9567,31679.9274,0.0,10.9708,False
61,Laser_Marking,31679.9274,31776.7728,0.0,96.8453,False
61,Lapping,31776.7728,31850.7403,0.0,73.9675,False
62,Turning_Milling,31491.9683,31941.0039,0.0,449.0356,False
62,QC_Turning,31941.0039,31954.3801,0.0,13.3762,False
62,Laser_Marking,31954.3801,32004.1141,0.0,49.734,False
60,Round_Grinding,31074.2022,32013.3804,0.0,939.1782,False
61,Round_Grinding,31850.7403,32039.8913,0.0,189.151,False
60,Final_Inspection,32013.3804,32075.2899,0.0,61.9095,False
62,Lapping,32004.1141,32108.6441,0.0,104.53,False
60,Packing,32075.2899,32135.2899,0.0,60.0,False
61,Final_Inspection,32075.2899,32188.5237,35.3986,113.2338,False
61,Packing,32188.5237,32248.5237,0.0,60.0,False
62,Round_Grinding,32108.6441,32414.4628,0.0,305.8187,False
63,Turning_Milling,32353.4108,32539.5918,0.0,186.181,False
62,Final_Inspection,32414.4628,32545.7872,0.0,131.3244,False
63,QC_Turning,32539.5918,32568.2411,0.0,28.6493,False
63,Laser_Marking,32568.2411,32601.12,0.0,32.8788,False
62,Packing,32545.7872,32605.7872,0.0,60.0,False
63,Lapping,32601.12,32675.7305,0.0,74.6105,False
63,Round_Grinding,32675.7305,32789.3528,0.0,113.6223,False
63,Final_Inspection,32789.3528,33041.6438,0.0,252.291,False
63,Packing,33041.6438,33101.6438,0.0,60.0,False
64,Turning_Milling,33208.8615,33755.6442,0.0,546.7827,False
64,QC_Turning,33755.6442,33771.3388,0.0,15.6946,False
64,Laser_Marking,33771.3388,33959.7868,0.0,188.448,False
65,Turning_Milling,33550.2456,33979.1909,0.0,428.9453,False
65,QC_Turning,33979.1909,34010.7701,0.0,31.5792,False
65,Laser_Marking,34010.7701,34061.5856,0.0,50.8155,False
65,Lapping,34061.5856,34152.2033,0.0,90.6177,False
64,Lapping,33959.7868,34155.7643,0.0,195.9775,False
64,Round_Grinding,34155.7643,34294.7542,0.0,138.9899,False
65,Round_Grinding,34152.2033,34446.9026,0.0,294.6994,False
64,Final_Inspection,34294.7542,34548.1314,0.0,253.3772,False
65,Final_Inspection,34548.1314,34597.0447,101.2288,48.9133,False
64,Packing,34548.1314,34608.1314,0.0,60.0,False
65,Packing,34608.1314,34668.1314,11.0867,60.0,False
66,Turning_Milling,34200.3064,34785.9393,0.0,585.6329,False
66,QC_Turning,34785.9393,34910.5862,0.0,124.6469,False
66,Laser_Marking,34910.5862,34959.8123,0.0,49.2261,False
66,Lapping,34959.8123,35042.2203,0.0,82.408,False
66,Round_Grinding,35042.2203,35377.7763,0.0,335.556,False
66,Final_Inspection,35377.7763,35619.0386,0.0,241.2623,False
66,Packing,35619.0386,35679.0386,0.0,60.0,False
67,Turning_Milling,35393.9902,35701.8977,0.0,307.9075,False
68,Turning_Milling,35410.325,35739.0709,0.0,328.7459,False
69,Turning_Milling,35716.1278,35901.8985,0.0,185.7706,False
67,QC_Turning,35701.8977,35933.3069,0.0,231.4092,False
68,QC_Turning,35933.3069,35986.6169,194.2359,53.31,False
67,Laser_Marking,35933.3069,35988.3779,0.0,55.071,False
67,Lapping,35988.3779,36021.3143,0.0,32.9365,False
69,QC_Turning,35986.6169,36027.6564,84.7184,41.0396,False
68,Laser_Marking,35988.3779,36032.0328,1.761,43.6549,False
68,Lapping,36032.0328,36055.9182,0.0,23.8854,False
69,Laser_Marking,36032.0328,36057.6751,4.3763,25.6423,False
69,Lapping,36057.6751,36152.3495,0.0,94.6743,False
67,Round_Grinding,36021.3143,36223.934,0.0,202.6197,False
68,Round_Grinding,36055.9182,36230.1462,0.0,174.228,False
69,Round_Grinding,36152.3495,36291.5844,0.0,139.2349,False
67,Final_Inspection,36223.934,36593.5862,0.0,369.6522,False
67,Packing,36593.5862,36653.5862,0.0,60.0,False
70,Turning_Milling,36371.6775,36854.2547,0.0,482.5772,False
68,Final_Inspection,36593.5862,36899.4699,363.44,305.8836,False
71,Turning_Milling,36808.2896,36917.0185,0.0,108.7289,False
70,QC_Turning,36854.2547,36919.2619,0.0,65.0072,False
69,Final_Inspection,36899.4699,36942.1856,607.8855,42.7157,False
68,Packing,36899.4699,36959.4699,0.0,60.0,False
70,Laser_Marking,36919.2619,36965.2935,0.0,46.0316,False
69,Packing,36959.4699,37019.4699,17.2843,60.0,False
71,QC_Turning,36919.2619,37020.269,2.2435,101.007,False
70,Lapping,36965.2935,37035.0309,0.0,69.7375,False
71,Laser_Marking,37020.269,37067.5405,0.0,47.2716,False
71,Lapping,37067.5405,37273.5307,0.0,205.9901,False
70,Round_Grinding,37035.0309,37289.7227,0.0,254.6918,False
70,Final_Inspection,37289.7227,37315.3719,0.0,25.6492,False
71,Round_Grinding,37273.5307,37318.3592,0.0,44.8286,False
70,Packing,37315.3719,37375.3719,0.0,60.0,False
71,Final_Inspection,37318.3592,37521.0343,0.0,202.6751,False
71,Packing,37521.0343,37581.0343,0.0,60.0,False
72,Turning_Milling,37287.6144,38117.2641,0.0,829.6497,False
72,QC_Turning,38117.2641,38163.1315,0.0,45.8675,False
72,Laser_Marking,38163.1315,38211.1774,0.0,48.0458,False
75,Turning_Milling,38120.203,38265.1987,0.0,144.9957,False
73,Turning_Milling,37923.3643,38276.6184,0.0,353.254,False
74,Turning_Milling,38029.4566,38325.7275,0.0,296.2709,False
72,Lapping,38211.1774,38395.9402,0.0,184.7628,False
75,QC_Turning,38265.1987,38529.8421,0.0,264.6434,False
73,QC_Turning,38529.8421,38571.5303,253.2237,41.6882,False
75,Laser_Marking,38529.8421,38594.9633,0.0,65.1213,False
74,QC_Turning,38571.5303,38614.8824,245.8028,43.3521,False
73,Laser_Marking,38594.9633,38628.4346,23.4331,33.4713,False
74,Laser_Marking,38628.4346,38643.8912,13.5522,15.4567,False
73,Lapping,38628.4346,38652.6883,0.0,24.2537,False
75,Lapping,38594.9633,38666.9648,0.0,72.0015,False
76,Turning_Milling,38419.9977,38680.4979,0.0,260.5002,False
72,Round_Grinding,38395.9402,38703.2025,0.0,307.2623,False
74,Lapping,38652.6883,38744.955,8.797,92.2667,False
77,Turning_Milling,38580.6295,38750.8954,0.0,170.2659,False
76,QC_Turning,38680.4979,38863.7341,0.0,183.2362,False
73,Round_Grinding,38652.6883,38878.2483,0.0,225.56,False
72,Final_Inspection,38703.2025,38913.9997,0.0,210.7972,False
76,Laser_Marking,38863.7341,38914.5471,0.0,50.813,False
76,Lapping,38914.5471,38944.9384,0.0,30.3913,False
74,Round_Grinding,38744.955,38949.058,0.0,204.103,False
72,Packing,38913.9997,38973.9997,0.0,60.0,False
76,Round_Grinding,38944.9384,38984.4006,0.0,39.4622,False
75,Round_Grinding,38666.9648,39072.2983,0.0,405.3335,False
77,QC_Turning,38863.7341,39076.0463,112.8387,212.3122,False
73,Final_Inspection,38913.9997,39118.3161,35.7514,204.3164,False
77,Laser_Marking,39076.0463,39139.6138,0.0,63.5675,False
73,Packing,39118.3161,39178.3161,0.0,60.0,False
77,Lapping,39139.6138,39183.6527,0.0,44.0389,False
78,Turning_Milling,38851.635,39277.1898,0.0,425.5548,False
77,Round_Grinding,39183.6527,39294.7076,0.0,111.0549,False
78,QC_Turning,39277.1898,39299.367,0.0,22.1771,True
74,Final_Inspection,39118.3161,39326.6603,169.2581,208.3443,False
76,Final_Inspection,39326.6603,39367.5172,342.2597,40.8569,False
78,Laser_Marking,39299.367,39381.4365,0.0,82.0696,False
74,Packing,39326.6603,39386.6603,0.0,60.0,False
78,Lapping,39381.4365,39416.1392,0.0,34.7027,False
75,Final_Inspection,39367.5172,39431.4328,295.2189,63.9156,False
76,Packing,39386.6603,39446.6603,19.1431,60.0,False
75,Packing,39446.6603,39506.6603,15.2275,60.0,False
77,Final_Inspection,39431.4328,39509.5682,136.7252,78.1354,False
77,Packing,39509.5682,39569.5682,0.0,60.0,False
78,Round_Grinding,39416.1392,39625.659,0.0,209.5198,False
78,Final_Inspection,39625.659,39656.7681,0.0,31.1091,False
78,Packing,39656.7681,39716.7681,0.0,60.0,False
79,Turning_Milling,40417.5867,40495.8496,0.0,78.2629,False
79,QC_Turning,40495.8496,40567.6218,0.0,71.7722,False
79,Laser_Marking,40567.6218,40614.8903,0.0,47.2685,False
79,Lapping,40614.8903,40700.2233,0.0,85.333,False
80,Turning_Milling,40888.8955,40981.5144,0.0,92.6188,False
79,Round_Grinding,40700.2233,41034.3927,0.0,334.1694,False
80,QC_Turning,40981.5144,41090.4209,0.0,108.9065,False
80,Laser_Marking,41090.4209,41128.4078,0.0,37.9869,False
80,Lapping,41128.4078,41170.7222,0.0,42.3144,False
79,Final_Inspection,41034.3927,41218.8258,0.0,184.4331,False
80,Round_Grinding,41170.7222,41226.8807,0.0,56.1585,False
79,Packing,41218.8258,41278.8258,0.0,60.0,False
80,Final_Inspection,41226.8807,41401.155,0.0,174.2743,False
81,Turning_Milling,41235.2265,41428.2429,0.0,193.0163,False
80,Packing,41401.155,41461.155,0.0,60.0,False
81,QC_Turning,41428.2429,41525.5832,0.0,97.3403,True
81,Laser_Marking,41525.5832,41546.5469,0.0,20.9637,False
81,Lapping,41546.5469,41632.3108,0.0,85.7639,False
81,Round_Grinding,41632.3108,41737.4087,0.0,105.0979,False
81,Final_Inspection,41737.4087,41791.1053,0.0,53.6966,False
81,Packing,41791.1053,41851.1053,0.0,60.0,False
83,Turning_Milling,41967.7246,42173.9974,0.0,206.2728,False
82,Turning_Milling,41836.76,42186.0703,0.0,349.3103,False
83,QC_Turning,42173.9974,42237.8153,0.0,63.8178,False
83,Laser_Marking,42237.8153,42299.5511,0.0,61.7359,False
83,Lapping,42299.5511,42315.98,0.0,16.4289,False
82,QC_Turning,42237.8153,42342.0737,51.745,104.2584,False
82,Laser_Marking,42342.0737,42401.4291,0.0,59.3553,False
83,Round_Grinding,42315.98,42445.8068,0.0,129.8267,False
83,Final_Inspection,42445.8068,42520.3623,0.0,74.5556,False
83,Packing,42520.3623,42580.3623,0.0,60.0,False
82,Lapping,42401.4291,42638.7043,0.0,237.2752,False
82,Round_Grinding,42638.7043,42774.455,0.0,135.7507,False
82,Final_Inspection,42774.455,42819.1464,0.0,44.6915,False
82,Packing,42819.1464,42879.1464,0.0,60.0,False
85,Turning_Milling,43431.1426,43760.0909,0.0,328.9483,False
85,QC_Turning,43760.0909,43880.3808,0.0,120.2899,False
85,Laser_Marking,43880.3808,43890.5191,0.0,10.1383,False
85,Lapping,43890.5191,43978.5517,0.0,88.0326,False
85,Round_Grinding,43978.5517,44054.7339,0.0,76.1822,False
85,Final_Inspection,44054.7339,44346.0713,0.0,291.3374,False
85,Packing,44346.0713,44406.0713,0.0,60.0,False
84,Turning_Milling,42733.3711,44958.3436,0.0,2224.9725,False
84,QC_Turning,44958.3436,45021.3701,0.0,63.0265,False
84,Laser_Marking,45021.3701,45058.3044,0.0,36.9343,False
86,Turning_Milling,44880.5089,45072.3523,0.0,191.8434,False
86,QC_Turning,45072.3523,45111.5658,0.0,39.2135,False
84,Lapping,45058.3044,45112.6891,0.0,54.3847,False
84,Round_Grinding,45112.6891,45202.1398,0.0,89.4507,False
86,Laser_Marking,45111.5658,45263.5204,0.0,151.9546,False
86,Lapping,45263.5204,45370.6249,0.0,107.1045,False
84,Final_Inspection,45202.1398,45408.0604,0.0,205.9206,False
84,Packing,45408.0604,45468.0604,0.0,60.0,False
86,Round_Grinding,45370.6249,45629.5548,0.0,258.9298,False
87,Turning_Milling,45313.4087,45642.6327,0.0,329.2239,False
87,QC_Turning,45642.6327,45823.1103,0.0,180.4776,False
87,Laser_Marking,45823.1103,45900.1657,0.0,77.0554,False
86,Final_Inspection,45629.5548,45914.6643,0.0,285.1096,False
87,Lapping,45900.1657,45946.4869,0.0,46.3212,False
86,Packing,45914.6643,45974.6643,0.0,60.0,False
87,Round_Grinding,45946.4869,46108.0244,0.0,161.5375,False
87,Final_Inspection,46108.0244,46199.109,0.0,91.0846,False
87,Packing,46199.109,46259.109,0.0,60.0,False
88,Turning_Milling,47240.8979,47913.1994,0.0,672.3015,False
88,QC_Turning,47913.1994,47946.6576,0.0,33.4582,False
88,Laser_Marking,47946.6576,48022.3472,0.0,75.6896,False
88,Lapping,48022.3472,48077.2751,0.0,54.9279,False
88,Round_Grinding,48077.2751,48809.5786,0.0,732.3034,False
88,Final_Inspection,48809.5786,48845.1537,0.0,35.5751,False
88,Packing,48845.1537,48905.1537,0.0,60.0,False
89,Turning_Milling,49393.6084,49505.6942,0.0,112.0858,False
89,QC_Turning,49505.6942,49571.7931,0.0,66.0989,False
89,Laser_Marking,49571.7931,49616.4731,0.0,44.6799,False
89,Lapping,49616.4731,49698.6872,0.0,82.2141,False
90,Turning_Milling,49398.9969,49806.6632,0.0,407.6663,False
90,QC_Turning,49806.6632,49860.5174,0.0,53.8542,False
90,Laser_Marking,49860.5174,49873.857,0.0,13.3396,False
89,Round_Grinding,49698.6872,49956.4337,0.0,257.7465,False
90,Lapping,49873.857,49988.6968,0.0,114.8398,False
90,Round_Grinding,49988.6968,50052.7803,0.0,64.0835,False
89,Final_Inspection,49956.4337,50110.7971,0.0,154.3634,False
90,Final_Inspection,50110.7971,50144.7446,58.0168,33.9475,False
89,Packing,50110.7971,50170.7971,0.0,60.0,False
90,Packing,50170.7971,50230.7971,26.0525,60.0,False
91,Turning_Milling,50269.6671,50504.6376,0.0,234.9705,False
91,QC_Turning,50504.6376,50654.5489,0.0,149.9113,False
93,Turning_Milling,50607.579,50667.5911,0.0,60.0121,False
93,QC_Turning,50667.5911,50722.7043,0.0,55.1131,False
91,Laser_Marking,50654.5489,50723.5914,0.0,69.0425,False
92,Turning_Milling,50286.7337,50726.5633,0.0,439.8295,False
93,Laser_Marking,50723.5914,50737.8698,0.8871,14.2784,False
93,Lapping,50737.8698,50773.3359,0.0,35.4661,False
91,Lapping,50723.5914,50782.7727,0.0,59.1813,False
95,Turning_Milling,50659.1126,50783.4247,0.0,124.3121,False
92,QC_Turning,50726.5633,50798.4556,0.0,71.8923,False
92,Laser_Marking,50798.4556,50823.2335,0.0,24.7779,False
94,Turning_Milling,50656.1566,50825.3688,0.0,169.2122,False
95,QC_Turning,50798.4556,50841.9196,15.0309,43.4641,False
93,Round_Grinding,50773.3359,50857.8466,0.0,84.5107,False
92,Lapping,50823.2335,50863.0746,0.0,39.8411,False
91,Round_Grinding,50782.7727,50880.9981,0.0,98.2254,False
95,Laser_Marking,50841.9196,50886.8322,0.0,44.9126,False
93,Final_Inspection,50857.8466,50892.4625,0.0,34.6158,False
92,Round_Grinding,50863.0746,50920.3434,0.0,57.2688,False
96,Turning_Milling,50739.7815,50949.6032,0.0,209.8217,False
93,Packing,50892.4625,50952.4625,0.0,60.0,False
95,Lapping,50886.8322,50978.8027,0.0,91.9704,False
94,QC_Turning,50841.9196,51009.068,16.5508,167.1484,False
97,Turning_Milling,50776.8717,51050.1838,0.0,273.3121,False
95,Round_Grinding,50978.8027,51052.3746,0.0,73.5719,False
94,Laser_Marking,51009.068,51065.4761,0.0,56.4081,False
96,QC_Turning,51009.068,51141.0127,59.4648,131.9447,False
91,Final_Inspection,50892.4625,51152.5437,11.4644,260.0812,False
92,Final_Inspection,51152.5437,51166.7704,232.2002,14.2267,False
97,QC_Turning,51141.0127,51188.143,90.8289,47.1303,False
91,Packing,51152.5437,51212.5437,0.0,60.0,False
96,Laser_Marking,51141.0127,51215.8204,0.0,74.8077,False
97,Laser_Marking,51215.8204,51244.6086,27.6774,28.7882,False
92,Packing,51212.5437,51272.5437,45.7733,60.0,False
96,Lapping,51215.8204,51283.3845,0.0,67.5641,False
95,Final_Inspection,51166.7704,51284.3561,114.3958,117.5858,False
95,Packing,51284.3561,51344.3561,0.0,60.0,False
97,Lapping,51283.3845,51360.5969,38.7759,77.2123,False
94,Lapping,51065.4761,51391.6813,0.0,326.2052,False
97,Round_Grinding,51360.5969,51434.3682,0.0,73.7714,False
97,Final_Inspection,51434.3682,51474.3567,0.0,39.9885,False
94,Round_Grinding,51391.6813,51480.9088,0.0,89.2275,False
96,Round_Grinding,51283.3845,51481.6803,0.0,198.2958,False
97,Packing,51474.3567,51534.3567,0.0,60.0,False
98,Turning_Milling,51333.5433,51572.6919,0.0,239.1486,False
94,Final_Inspection,51480.9088,51605.6692,0.0,124.7603,False
94,Packing,51605.6692,51665.6692,0.0,60.0,False
98,QC_Turning,51572.6919,51678.5861,0.0,105.8943,False
98,Laser_Marking,51678.5861,51710.7418,0.0,32.1557,False
96,Final_Inspection,51605.6692,51761.9468,123.9888,156.2776,False
96,Packing,51761.9468,51821.9468,0.0,60.0,False
100,Turning_Milling,51953.2871,52054.8961,0.0,101.609,False
100,QC_Turning,52054.8961,52147.3145,0.0,92.4184,False
99,Turning_Milling,51837.5768,52155.3315,0.0,317.7547,False
100,Laser_Marking,52147.3145,52174.2182,0.0,26.9037,False
99,QC_Turning,52155.3315,52226.191,0.0,70.8594,False
100,Lapping,52174.2182,52284.5588,0.0,110.3405,False
98,Lapping,51710.7418,52309.2014,0.0,598.4597,False
99,Laser_Marking,52226.191,52356.9341,0.0,130.7431,False
98,Round_Grinding,52309.2014,52395.2941,0.0,86.0927,False
98,Final_Inspection,52395.2941,52434.1974,0.0,38.9033,False
99,Lapping,52356.9341,52489.2686,0.0,132.3345,False
98,Packing,52434.1974,52494.1974,0.0,60.0,False
100,Round_Grinding,52284.5588,52524.714,0.0,240.1552,False
100,Final_Inspection,52524.714,52604.0323,0.0,79.3183,False
100,Packing,52604.0323,52664.0323,0.0,60.0,False
101,Turning_Milling,52493.6578,52729.3165,0.0,235.6587,False
99,Round_Grinding,52489.2686,52815.6038,0.0,326.3353,False
99,Final_Inspection,52815.6038,52944.9528,0.0,129.3489,False
101,QC_Turning,52729.3165,52980.0634,0.0,250.7469,False
101,Laser_Marking,52980.0634,53002.7633,0.0,22.6999,False
99,Packing,52944.9528,53004.9528,0.0,60.0,False
101,Lapping,53002.7633,53028.0718,0.0,25.3085,False
102,Turning_Milling,52953.0402,53124.7721,0.0,171.7319,False
102,QC_Turning,53124.7721,53231.8176,0.0,107.0455,False
103,Turning_Milling,53002.0091,53256.9089,0.0,254.8998,False
102,Laser_Marking,53231.8176,53273.9163,0.0,42.0987,False
101,Round_Grinding,53028.0718,53330.4908,0.0,302.419,False
103,QC_Turning,53256.9089,53364.4785,0.0,107.5696,False
102,Lapping,53273.9163,53364.8361,0.0,90.9198,False
103,Laser_Marking,53364.4785,53394.4884,0.0,30.0099,False
103,Lapping,53394.4884,53426.1279,0.0,31.6394,False
101,Final_Inspection,53330.4908,53435.4903,0.0,104.9995,False
103,Round_Grinding,53426.1279,53484.6589,0.0,58.531,False
102,Round_Grinding,53364.8361,53495.4447,0.0,130.6086,False
101,Packing,53435.4903,53495.4903,0.0,60.0,False
103,Final_Inspection,53484.6589,53619.1156,0.0,134.4568,False
102,Final_Inspection,53619.1156,53669.3836,123.671,50.268,False
103,Packing,53619.1156,53679.1156,0.0,60.0,False
102,Packing,53679.1156,53739.1156,9.732,60.0,False
104,Turning_Milling,53826.0704,54071.0534,0.0,244.983,False
104,QC_Turning,54071.0534,54356.2881,0.0,285.2347,False
105,Turning_Milling,53881.525,54398.1925,0.0,516.6676,False
104,Laser_Marking,54356.2881,54404.718,0.0,48.4299,False
105,QC_Turning,54398.1925,54433.703,0.0,35.5104,False
104,Lapping,54404.718,54447.6515,0.0,42.9335,False
106,Turning_Milling,54142.894,54463.7329,0.0,320.8389,False
105,Laser_Marking,54433.703,54478.5565,0.0,44.8535,False
105,Lapping,54478.5565,54580.8789,0.0,102.3224,False
106,QC_Turning,54463.7329,54625.715,0.0,161.9821,True
106,Laser_Marking,54625.715,54644.575,0.0,18.86,False
106,Lapping,54644.575,54682.2639,0.0,37.6889,False
105,Round_Grinding,54580.8789,54684.5535,0.0,103.6746,False
105,Final_Inspection,54684.5535,54732.2516,0.0,47.6981,False
104,Round_Grinding,54447.6515,54766.1564,0.0,318.5049,False
108,Turning_Milling,54589.2074,54790.4078,0.0,201.2004,False
105,Packing,54732.2516,54792.2516,0.0,60.0,False
104,Final_Inspection,54766.1564,54797.0617,0.0,30.9053,True
106,Round_Grinding,54682.2639,54833.0312,0.0,150.7673,False
104,Packing,54797.0617,54857.0617,0.0,60.0,False
106,Final_Inspection,54833.0312,54871.6763,0.0,38.6451,False
108,QC_Turning,54790.4078,54884.2143,0.0,93.8065,False
106,Packing,54871.6763,54931.6763,0.0,60.0,False
107,Turning_Milling,54490.9523,54965.8023,0.0,474.85,False
108,Laser_Marking,54884.2143,54977.9394,0.0,93.7251,False
107,QC_Turning,54965.8023,54981.949,0.0,16.1467,False
109,Turning_Milling,54691.898,55089.3095,0.0,397.4115,False
110,Turning_Milling,54905.2399,55091.6238,0.0,186.3839,False
108,Lapping,54977.9394,55128.9255,0.0,150.9861,False
107,Laser_Marking,54981.949,55131.361,0.0,149.412,False
109,QC_Turning,55089.3095,55156.0691,0.0,66.7596,False
110,QC_Turning,55156.0691,55219.2802,64.4454,63.2111,False
108,Round_Grinding,55128.9255,55258.152,0.0,129.2265,False
109,Laser_Marking,55156.0691,55277.0617,0.0,120.9926,False
110,Laser_Marking,55277.0617,55300.4341,57.7815,23.3724,False
109,Lapping,55277.0617,55353.7864,0.0,76.7247,False
110,Lapping,55353.7864,55403.4443,53.3524,49.6578,False
107,Lapping,55131.361,55405.5624,0.0,274.2014,False
108,Final_Inspection,55258.152,55494.9917,0.0,236.8397,False
110,Round_Grinding,55403.4443,55508.1823,0.0,104.7381,False
109,Round_Grinding,55353.7864,55542.5459,0.0,188.7595,False
108,Packing,55494.9917,55554.9917,0.0,60.0,False
107,Round_Grinding,55405.5624,55782.8184,0.0,377.256,False
110,Final_Inspection,55508.1823,55850.8551,0.0,342.6728,False
110,Packing,55850.8551,55910.8551,0.0,60.0,False
109,Final_Inspection,55850.8551,56076.8385,308.3092,225.9833,False
107,Final_Inspection,56076.8385,56108.9591,294.0201,32.1207,False
109,Packing,56076.8385,56136.8385,0.0,60.0,False
107,Packing,56136.8385,56196.8385,27.8793,60.0,False
111,Turning_Milling,56780.0226,57107.4102,0.0,327.3876,False
111,QC_Turning,57107.4102,57197.5773,0.0,90.1671,False
111,Laser_Marking,57197.5773,57249.606,0.0,52.0288,False
111,Lapping,57249.606,57292.7228,0.0,43.1167,False
111,Round_Grinding,57292.7228,57573.5581,0.0,280.8353,False
111,Final_Inspection,57573.5581,57632.1537,0.0,58.5956,False
111,Packing,57632.1537,57692.1537,0.0,60.0,False
112,Turning_Milling,57548.1954,57811.1425,0.0,262.9471,False
112,QC_Turning,57811.1425,57853.5513,0.0,42.4088,False
112,Laser_Marking,57853.5513,57917.8182,0.0,64.2669,False
112,Lapping,57917.8182,57955.0247,0.0,37.2065,False
112,Round_Grinding,57955.0247,58399.6207,0.0,444.596,False
113,Turning_Milling,58255.2538,58463.6185,0.0,208.3647,False
113,QC_Turning,58463.6185,58507.1336,0.0,43.5152,False
113,Laser_Marking,58507.1336,58525.2624,0.0,18.1287,False
112,Final_Inspection,58399.6207,58526.6221,0.0,127.0014,False
112,Packing,58526.6221,58586.6221,0.0,60.0,False
113,Lapping,58525.2624,58681.9891,0.0,156.7267,False
113,Round_Grinding,58681.9891,58754.9469,0.0,72.9578,False
113,Final_Inspection,58754.9469,58870.1454,0.0,115.1985,False
113,Packing,58870.1454,58930.1454,0.0,60.0,False
114,Turning_Milling,59021.1732,59376.7807,0.0,355.6075,False
114,QC_Turning,59376.7807,59430.0757,0.0,53.295,False
114,Laser_Marking,59430.0757,59583.5768,0.0,153.5011,False
114,Lapping,59583.5768,59605.7448,0.0,22.168,False
114,Round_Grinding,59605.7448,59772.1317,0.0,166.3869,False
114,Final_Inspection,59772.1317,59888.0126,0.0,115.8808,False
114,Packing,59888.0126,59948.0126,0.0,60.0,False
115,Turning_Milling,59861.6992,60119.5457,0.0,257.8465,False
115,QC_Turning,60119.5457,60134.4871,0.0,14.9414,False
115,Laser_Marking,60134.4871,60165.235,0.0,30.7479,False
115,Lapping,60165.235,60388.7233,0.0,223.4883,False
115,Round_Grinding,60388.7233,60513.2899,0.0,124.5666,False
115,Final_Inspection,60513.2899,60721.4892,0.0,208.1993,False
115,Packing,60721.4892,60781.4892,0.0,60.0,False
116,Turning_Milling,61153.2277,61342.6864,0.0,189.4587,False
116,QC_Turning,61342.6864,61376.73,0.0,34.0435,False
116,Laser_Marking,61376.73,61404.0486,0.0,27.3187,False
117,Turning_Milling,61509.3128,61701.3999,0.0,192.0871,False
117,QC_Turning,61701.3999,61742.3696,0.0,40.9697,False
116,Lapping,61404.0486,61757.8713,0.0,353.8227,False
117,Laser_Marking,61742.3696,61760.8923,0.0,18.5227,False
117,Lapping,61760.8923,61885.4151,0.0,124.5228,False
117,Round_Grinding,61885.4151,61995.8318,0.0,110.4167,False
116,Round_Grinding,61757.8713,62009.2375,0.0,251.3661,False
117,Final_Inspection,61995.8318,62094.3239,0.0,98.492,False
117,Packing,62094.3239,62154.3239,0.0,60.0,False
116,Final_Inspection,62094.3239,62316.5681,85.0864,222.2443,False
116,Packing,62316.5681,62376.5681,0.0,60.0,False
118,Turning_Milling,62535.0294,62624.9364,0.0,89.907,False
118,QC_Turning,62624.9364,62741.2289,0.0,116.2925,False
118,Laser_Marking,62741.2289,62769.6608,0.0,28.4319,False
118,Lapping,62769.6608,62826.0228,0.0,56.362,False
118,Round_Grinding,62826.0228,62949.2626,0.0,123.2398,False
119,Turning_Milling,62763.6147,63050.2808,0.0,286.6661,False
119,QC_Turning,63050.2808,63099.2157,0.0,48.935,False
119,Laser_Marking,63099.2157,63138.542,0.0,39.3262,False
118,Final_Inspection,62949.2626,63199.0947,0.0,249.8321,False
119,Lapping,63138.542,63240.3656,0.0,101.8237,False
118,Packing,63199.0947,63259.0947,0.0,60.0,False
120,Turning_Milling,62949.9261,63346.5812,0.0,396.6551,False
120,QC_Turning,63346.5812,63463.672,0.0,117.0908,False
119,Round_Grinding,63240.3656,63534.8776,0.0,294.512,False
120,Laser_Marking,63463.672,63612.0946,0.0,148.4226,False
120,Lapping,63612.0946,63833.3691,0.0,221.2745,False
119,Final_Inspection,63534.8776,63867.1111,0.0,332.2334,False
119,Packing,63867.1111,63927.1111,0.0,60.0,False
120,Round_Grinding,63833.3691,63999.345,0.0,165.9759,False
121,Turning_Milling,63869.4677,64030.3539,0.0,160.8862,False
121,QC_Turning,64030.3539,64216.599,0.0,186.2452,False
121,Laser_Marking,64216.599,64256.8429,0.0,40.2439,False
121,Lapping,64256.8429,64296.9541,0.0,40.1111,False
120,Final_Inspection,63999.345,64340.8599,0.0,341.5149,False
121,Round_Grinding,64296.9541,64392.053,0.0,95.0989,False
120,Packing,64340.8599,64400.8599,0.0,60.0,False
121,Final_Inspection,64392.053,64618.5729,0.0,226.5199,False
122,Turning_Milling,64293.6709,64659.4187,0.0,365.7478,False
121,Packing,64618.5729,64678.5729,0.0,60.0,False
122,QC_Turning,64659.4187,64684.0771,0.0,24.6584,False
122,Laser_Marking,64684.0771,64874.2839,0.0,190.2069,False
122,Lapping,64874.2839,64921.8885,0.0,47.6046,False
122,Round_Grinding,64921.8885,65042.5235,0.0,120.635,True
122,Final_Inspection,65042.5235,65090.7166,0.0,48.193,False
122,Packing,65090.7166,65150.7166,0.0,60.0,False
123,Turning_Milling,65184.3396,65359.983,0.0,175.6433,False
123,QC_Turning,65359.983,65410.7152,0.0,50.7322,False
123,Laser_Marking,65410.7152,65470.3151,0.0,59.5999,False
123,Lapping,65470.3151,65622.0879,0.0,151.7727,False
124,Turning_Milling,65569.9026,65709.7974,0.0,139.8949,False
124,QC_Turning,65709.7974,65746.9294,0.0,37.132,False
123,Round_Grinding,65622.0879,65848.1212,0.0,226.0333,False
124,Laser_Marking,65746.9294,65866.0248,0.0,119.0954,False
123,Final_Inspection,65848.1212,65906.1731,0.0,58.0519,False
123,Packing,65906.1731,65966.1731,0.0,60.0,False
124,Lapping,65866.0248,66008.823,0.0,142.7982,False
124,Round_Grinding,66008.823,66157.2063,0.0,148.3833,False
124,Final_Inspection,66157.2063,66257.5684,0.0,100.3621,False
124,Packing,66257.5684,66317.5684,0.0,60.0,False
125,Turning_Milling,67289.1665,67454.8055,0.0,165.639,False
125,QC_Turning,67454.8055,67536.9139,0.0,82.1084,False
125,Laser_Marking,67536.9139,67564.5093,0.0,27.5954,False
125,Lapping,67564.5093,67616.8886,0.0,52.3794,False
127,Turning_Milling,67600.9887,67716.4434,0.0,115.4547,False
127,QC_Turning,67716.4434,67765.3976,0.0,48.9542,False
127,Laser_Marking,67765.3976,67801.3892,0.0,35.9916,False
125,Round_Grinding,67616.8886,67870.0909,0.0,253.2023,False
127,Lapping,67801.3892,67940.5784,0.0,139.1893,False
126,Turning_Milling,67484.9795,67968.2496,0.0,483.2701,False
127,Round_Grinding,67940.5784,68016.9832,0.0,76.4048,False
125,Final_Inspection,67870.0909,68163.3497,0.0,293.2588,False
126,QC_Turning,67968.2496,68163.3606,0.0,195.111,False
126,Laser_Marking,68163.3606,68191.9118,0.0,28.5512,False
127,Final_Inspection,68163.3497,68196.5156,146.3665,33.1659,False
125,Packing,68163.3497,68223.3497,0.0,60.0,False
127,Packing,68223.3497,68283.3497,26.8341,60.0,False
128,Turning_Milling,68225.8178,68315.1749,0.0,89.357,False
128,QC_Turning,68315.1749,68385.3028,0.0,70.1279,False
126,Lapping,68191.9118,68415.9599,0.0,224.0481,False
128,Laser_Marking,68385.3028,68434.3127,0.0,49.0099,False
128,Lapping,68434.3127,68464.0708,0.0,29.7581,False
126,Round_Grinding,68415.9599,68543.4534,0.0,127.4935,False
126,Final_Inspection,68543.4534,68602.5078,0.0,59.0545,False
126,Packing,68602.5078,68662.5078,0.0,60.0,False
129,Turning_Milling,68529.5386,68714.7743,0.0,185.2357,False
128,Round_Grinding,68464.0708,68722.8783,0.0,258.8076,False
129,QC_Turning,68714.7743,68753.9722,0.0,39.1979,False
128,Final_Inspection,68722.8783,68785.0638,0.0,62.1854,False
128,Packing,68785.0638,68845.0638,0.0,60.0,False
129,Laser_Marking,68753.9722,68900.5416,0.0,146.5694,False
129,Lapping,68900.5416,68977.306,0.0,76.7644,False
129,Round_Grinding,68977.306,69147.0333,0.0,169.7273,False
129,Final_Inspection,69147.0333,69301.3881,0.0,154.3548,False
129,Packing,69301.3881,69361.3881,0.0,60.0,False
130,Turning_Milling,69779.9747,69834.6177,0.0,54.643,False
130,QC_Turning,69834.6177,69914.0434,0.0,79.4257,False
130,Laser_Marking,69914.0434,69946.0524,0.0,32.0091,False
130,Lapping,69946.0524,70218.9304,0.0,272.878,False
131,Turning_Milling,70472.0635,70568.444,0.0,96.3805,False
130,Round_Grinding,70218.9304,70663.8685,0.0,444.9381,False
130,Final_Inspection,70663.8685,70714.3894,0.0,50.5209,False
130,Packing,70714.3894,70774.3894,0.0,60.0,False
131,QC_Turning,70568.444,70848.3179,0.0,279.8739,False
131,Laser_Marking,70848.3179,70858.9142,0.0,10.5963,False
131,Lapping,70858.9142,70921.6006,0.0,62.6864,False
131,Round_Grinding,70921.6006,71017.0842,0.0,95.4836,False
132,Turning_Milling,70749.3906,71115.1435,0.0,365.7529,False
132,QC_Turning,71115.1435,71181.699,0.0,66.5554,False
131,Final_Inspection,71017.0842,71190.8204,0.0,173.7362,False
132,Laser_Marking,71181.699,71212.1739,0.0,30.475,False
131,Packing,71190.8204,71250.8204,0.0,60.0,False
132,Lapping,71212.1739,71363.7017,0.0,151.5277,False
132,Round_Grinding,71363.7017,71695.7578,0.0,332.0561,False
132,Final_Inspection,71695.7578,71897.005,0.0,201.2472,False
132,Packing,71897.005,71957.005,0.0,60.0,False
133,Turning_Milling,71577.474,72148.3901,0.0,570.916,False
133,QC_Turning,72148.3901,72182.8822,0.0,34.4921,False
133,Laser_Marking,72182.8822,72233.8937,0.0,51.0116,False
133,Lapping,72233.8937,72265.5,0.0,31.6063,False
133,Round_Grinding,72265.5,72443.5728,0.0,178.0728,False
133,Final_Inspection,72443.5728,72459.5007,0.0,15.9279,False
133,Packing,72459.5007,72519.5007,0.0,60.0,False
134,Turning_Milling,72400.4571,72559.4976,0.0,159.0405,False
134,QC_Turning,72559.4976,72653.6573,0.0,94.1597,False
134,Laser_Marking,72653.6573,72677.587,0.0,23.9297,False
134,Lapping,72677.587,72816.8591,0.0,139.2721,False
134,Round_Grinding,72816.8591,72848.0728,0.0,31.2137,False
134,Final_Inspection,72848.0728,73121.7872,0.0,273.7144,False
134,Packing,73121.7872,73181.7872,0.0,60.0,False
135,Turning_Milling,73587.3674,73827.3141,0.0,239.9467,False
135,QC_Turning,73827.3141,73873.6135,0.0,46.2994,False
135,Laser_Marking,73873.6135,73900.8609,0.0,27.2474,False
135,Lapping,73900.8609,74119.493,0.0,218.6321,False
135,Round_Grinding,74119.493,74196.1301,0.0,76.6371,False
135,Final_Inspection,74196.1301,74277.382,0.0,81.2519,False
135,Packing,74277.382,74337.382,0.0,60.0,False
136,Turning_Milling,74837.0426,74917.1724,0.0,80.1297,False
136,QC_Turning,74917.1724,75017.2964,0.0,100.124,False
137,Turning_Milling,74839.7239,75066.8431,0.0,227.1192,False
137,QC_Turning,75066.8431,75098.1636,0.0,31.3205,True
136,Laser_Marking,75017.2964,75127.423,0.0,110.1266,False
137,Laser_Marking,75127.423,75140.8425,29.2594,13.4195,False
137,Lapping,75140.8425,75255.3449,0.0,114.5024,False
136,Lapping,75127.423,75275.5335,0.0,148.1105,False
137,Round_Grinding,75255.3449,75374.4794,0.0,119.1345,False
137,Final_Inspection,75374.4794,75554.444,0.0,179.9646,False
136,Round_Grinding,75275.5335,75570.2311,0.0,294.6976,False
137,Packing,75554.444,75614.444,0.0,60.0,False
136,Final_Inspection,75570.2311,75801.7228,0.0,231.4917,False
136,Packing,75801.7228,75861.7228,0.0,60.0,False
138,Turning_Milling,75660.3149,76196.1755,0.0,535.8606,False
138,QC_Turning,76196.1755,76225.477,0.0,29.3015,False
140,Turning_Milling,75992.7372,76278.8653,0.0,286.128,False
138,Laser_Marking,76225.477,76280.6436,0.0,55.1666,False
140,QC_Turning,76278.8653,76290.7801,0.0,11.9148,False
138,Lapping,76280.6436,76312.6525,0.0,32.0089,False
140,Laser_Marking,76290.7801,76314.2302,0.0,23.4501,False
140,Lapping,76314.2302,76351.0229,0.0,36.7926,False
139,Turning_Milling,75912.9189,76373.9863,0.0,461.0674,False
141,Turning_Milling,76251.8802,76428.063,0.0,176.1828,False
140,Round_Grinding,76351.0229,76442.8622,0.0,91.8393,False
139,QC_Turning,76373.9863,76470.6958,0.0,96.7094,False
139,Laser_Marking,76470.6958,76488.1337,0.0,17.438,False
139,Lapping,76488.1337,76522.6381,0.0,34.5044,False
140,Final_Inspection,76442.8622,76527.3145,0.0,84.4524,False
138,Round_Grinding,76312.6525,76576.1357,0.0,263.4832,False
140,Packing,76527.3145,76587.3145,0.0,60.0,False
139,Round_Grinding,76522.6381,76682.8277,0.0,160.1896,False
138,Final_Inspection,76576.1357,76686.5382,0.0,110.4025,False
138,Packing,76686.5382,76746.5382,0.0,60.0,False
141,QC_Turning,76470.6958,76750.6177,42.6327,279.9219,False
139,Final_Inspection,76686.5382,76754.7995,3.7105,68.2613,False
139,Packing,76754.7995,76814.7995,0.0,60.0,False
141,Laser_Marking,76750.6177,76822.489,0.0,71.8713,False
143,Turning_Milling,76752.6835,76908.4448,0.0,155.7614,False
142,Turning_Milling,76557.8667,76954.0351,0.0,396.1684,False
143,QC_Turning,76908.4448,76994.4008,0.0,85.956,False
142,QC_Turning,76994.4008,77021.2966,40.3657,26.8958,False
141,Lapping,76822.489,77037.8826,0.0,215.3936,False
143,Laser_Marking,76994.4008,77130.8373,0.0,136.4365,False
143,Lapping,77130.8373,77159.7851,0.0,28.9477,False
141,Round_Grinding,77037.8826,77171.7133,0.0,133.8307,False
143,Round_Grinding,77159.7851,77269.9271,0.0,110.142,False
142,Laser_Marking,77130.8373,77303.2842,109.5407,172.4468,False
141,Final_Inspection,77171.7133,77406.785,0.0,235.0718,False
142,Lapping,77303.2842,77411.5991,0.0,108.3149,False
141,Packing,77406.785,77466.785,0.0,60.0,False
142,Round_Grinding,77411.5991,77505.7578,0.0,94.1587,False
143,Final_Inspection,77406.785,77520.8823,136.8579,114.0973,False
143,Packing,77520.8823,77580.8823,0.0,60.0,False
142,Final_Inspection,77520.8823,77756.6617,15.1245,235.7793,False
142,Packing,77756.6617,77816.6617,0.0,60.0,False
145,Turning_Milling,78710.0255,78807.596,0.0,97.5705,False
144,Turning_Milling,78613.152,78849.0948,0.0,235.9429,False
146,Turning_Milling,78739.344,78927.8498,0.0,188.5059,False
145,QC_Turning,78807.596,78970.7166,0.0,163.1207,False
144,QC_Turning,78970.7166,78984.6041,121.6218,13.8874,False
145,Laser_Marking,78970.7166,78999.7876,0.0,29.0709,False
146,QC_Turning,78984.6041,79035.8128,56.7542,51.2088,False
144,Laser_Marking,78999.7876,79040.6221,15.1835,40.8346,False
145,Lapping,78999.7876,79066.5683,0.0,66.7807,False
146,Laser_Marking,79040.6221,79068.8638,4.8093,28.2416,False
146,Lapping,79068.8638,79080.8233,0.0,11.9596,False
146,Round_Grinding,79080.8233,79130.0306,0.0,49.2073,False
147,Turning_Milling,78891.3655,79182.3248,0.0,290.9593,False
144,Lapping,79040.6221,79233.3737,0.0,192.7516,False
144,Round_Grinding,79233.3737,79274.0917,0.0,40.718,False
145,Round_Grinding,79066.5683,79284.0814,0.0,217.5131,False
146,Final_Inspection,79130.0306,79348.0208,0.0,217.9902,False
146,Packing,79348.0208,79408.0208,0.0,60.0,False
144,Final_Inspection,79348.0208,79432.7101,73.9292,84.6892,False
147,QC_Turning,79182.3248,79454.4771,0.0,272.1523,False
147,Laser_Marking,79454.4771,79473.463,0.0,18.9859,False
144,Packing,79432.7101,79492.7101,0.0,60.0,False
147,Lapping,79473.463,79504.615,0.0,31.152,False
145,Final_Inspection,79432.7101,79635.7676,148.6287,203.0576,False
145,Packing,79635.7676,79695.7676,0.0,60.0,False
148,Turning_Milling,79281.7531,79704.5419,0.0,422.7888,False
148,QC_Turning,79704.5419,79928.1759,0.0,223.634,False
147,Round_Grinding,79504.615,79934.4455,0.0,429.8305,False
147,Final_Inspection,79934.4455,79963.9397,0.0,29.4941,False
147,Packing,79963.9397,80023.9397,0.0,60.0,False
148,Laser_Marking,79928.1759,80173.28,0.0,245.1041,False
148,Lapping,80173.28,80229.2433,0.0,55.9633,False
149,Turning_Milling,79786.0918,80383.3022,0.0,597.2104,False
148,Round_Grinding,80229.2433,80388.2611,0.0,159.0178,False
148,Final_Inspection,80388.2611,80401.4375,0.0,13.1764,False
149,QC_Turning,80383.3022,80422.4611,0.0,39.1588,False
148,Packing,80401.4375,80461.4375,0.0,60.0,False
149,Laser_Marking,80422.4611,80481.3265,0.0,58.8654,False
149,Lapping,80481.3265,80518.9814,0.0,37.6549,False
150,Turning_Milling,80088.1704,80780.9104,0.0,692.7401,False
149,Round_Grinding,80518.9814,81157.3474,0.0,638.366,False
151,Turning_Milling,80721.4332,81173.0594,0.0,451.6262,False
150,QC_Turning,80780.9104,81284.6697,0.0,503.7593,False
149,Final_Inspection,81157.3474,81370.6426,0.0,213.2952,False
150,Laser_Marking,81284.6697,81374.7449,0.0,90.0752,False
151,QC_Turning,81284.6697,81426.6477,111.6103,141.978,False
149,Packing,81370.6426,81430.6426,0.0,60.0,False
151,Laser_Marking,81426.6477,81461.1126,0.0,34.4649,False
151,Lapping,81461.1126,81504.3906,0.0,43.278,False
150,Lapping,81374.7449,81520.3947,0.0,145.6497,False
151,Round_Grinding,81504.3906,81633.8342,0.0,129.4436,False
151,Final_Inspection,81633.8342,81732.6078,0.0,98.7737,False
150,Round_Grinding,81520.3947,81747.7288,0.0,227.3342,False
152,Turning_Milling,81516.3727,81788.4678,0.0,272.095,False
151,Packing,81732.6078,81792.6078,0.0,60.0,False
150,Final_Inspection,81747.7288,81801.5738,0.0,53.845,False
152,QC_Turning,81788.4678,81852.5973,0.0,64.1295,False
150,Packing,81801.5738,81861.5738,0.0,60.0,False
152,Laser_Marking,81852.5973,81864.9412,0.0,12.3439,False
153,Turning_Milling,81595.4474,81949.7702,0.0,354.3229,False
154,Turning_Milling,81816.51,81962.27,0.0,145.76,False
152,Lapping,81864.9412,81981.0406,0.0,116.0994,False
153,QC_Turning,81949.7702,82048.1114,0.0,98.3412,False
153,Laser_Marking,82048.1114,82070.2628,0.0,22.1514,False
154,QC_Turning,82048.1114,82106.3425,85.8414,58.2311,False
153,Lapping,82070.2628,82149.287,0.0,79.0242,False
154,Laser_Marking,82106.3425,82216.1817,0.0,109.8392,False
152,Round_Grinding,81981.0406,82295.7042,0.0,314.6636,False
153,Round_Grinding,82149.287,82300.9625,0.0,151.6755,False
152,Final_Inspection,82295.7042,82420.9388,0.0,125.2346,False
154,Lapping,82216.1817,82446.279,0.0,230.0973,False
152,Packing,82420.9388,82480.9388,0.0,60.0,False
153,Final_Inspection,82420.9388,82487.4325,119.9763,66.4937,False
155,Turning_Milling,81958.3842,82509.0261,0.0,550.642,False
153,Packing,82487.4325,82547.4325,0.0,60.0,False
155,QC_Turning,82509.0261,82549.619,0.0,40.5929,False
155,Laser_Marking,82549.619,82601.1173,0.0,51.4983,False
154,Round_Grinding,82446.279,82644.7937,0.0,198.5147,False
155,Lapping,82601.1173,82783.5052,0.0,182.3879,False
154,Final_Inspection,82644.7937,82803.8883,0.0,159.0947,False
154,Packing,82803.8883,82863.8883,0.0,60.0,False
155,Round_Grinding,82783.5052,82870.8502,0.0,87.3451,False
157,Turning_Milling,82652.3221,82876.4075,0.0,224.0853,False
155,Final_Inspection,82870.8502,82890.4585,0.0,19.6083,False
155,Packing,82890.4585,82950.4585,0.0,60.0,False
156,Turning_Milling,82609.5559,82993.0687,0.0,383.5128,False
157,QC_Turning,82876.4075,83189.8552,0.0,313.4477,False
156,QC_Turning,83189.8552,83265.3862,196.7864,75.5311,False
157,Laser_Marking,83189.8552,83293.3338,0.0,103.4787,False
157,Lapping,83293.3338,83336.9554,0.0,43.6216,False
156,Laser_Marking,83293.3338,83358.3973,27.9476,65.0635,False
157,Round_Grinding,83336.9554,83488.3669,0.0,151.4115,False
156,Lapping,83358.3973,83499.5059,0.0,141.1087,False
157,Final_Inspection,83488.3669,83508.6056,0.0,20.2388,False
157,Packing,83508.6056,83568.6056,0.0,60.0,False
158,Turning_Milling,83265.7549,83751.0954,0.0,485.3405,False
158,QC_Turning,83751.0954,83832.0519,0.0,80.9565,False
158,Laser_Marking,83832.0519,83883.9089,0.0,51.857,False
158,Lapping,83883.9089,83951.3021,0.0,67.3932,False
158,Round_Grinding,83951.3021,83997.0291,0.0,45.727,False
158,Final_Inspection,83997.0291,84140.286,0.0,143.2569,False
158,Packing,84140.286,84200.286,0.0,60.0,False
156,Round_Grinding,83499.5059,84220.1749,0.0,720.669,False
156,Final_Inspection,84220.1749,84248.5773,0.0,28.4024,False
159,Turning_Milling,84048.6233,84272.1469,0.0,223.5235,False
159,QC_Turning,84272.1469,84292.2894,0.0,20.1425,False
156,Packing,84248.5773,84308.5773,0.0,60.0,False
159,Laser_Marking,84292.2894,84338.7126,0.0,46.4232,False
159,Lapping,84338.7126,84392.2571,0.0,53.5445,False
159,Round_Grinding,84392.2571,84585.1437,0.0,192.8866,False
159,Final_Inspection,84585.1437,84657.191,0.0,72.0473,False
159,Packing,84657.191,84717.191,0.0,60.0,False
160,Turning_Milling,85241.9617,85591.0272,0.0,349.0655,False
160,QC_Turning,85591.0272,85655.958,0.0,64.9307,False
160,Laser_Marking,85655.958,85814.5713,0.0,158.6133,False
160,Lapping,85814.5713,85905.6631,0.0,91.0918,False
160,Round_Grinding,85905.6631,86060.8971,0.0,155.234,False
160,Final_Inspection,86060.8971,86216.8552,0.0,155.9581,False
160,Packing,86216.8552,86276.8552,0.0,60.0,False
161,Turning_Milling,86081.3198,86316.6696,0.0,235.3498,False
161,QC_Turning,86316.6696,86375.7074,0.0,59.0378,False
161,Laser_Marking,86375.7074,86453.5575,0.0,77.8501,False
161,Lapping,86453.5575,86472.762,0.0,19.2045,False
162,Turning_Milling,86221.4631,86720.0071,0.0,498.544,False
163,Turning_Milling,86352.9229,86743.1347,0.0,390.2118,False
162,QC_Turning,86720.0071,86901.2295,0.0,181.2224,False
163,QC_Turning,86901.2295,86938.8394,158.0948,37.6099,False
162,Laser_Marking,86901.2295,86962.432,0.0,61.2025,False
161,Round_Grinding,86472.762,86995.0895,0.0,522.3275,False
161,Final_Inspection,86995.0895,87015.5441,0.0,20.4545,False
162,Lapping,86962.432,87034.3689,0.0,71.9369,False
161,Packing,87015.5441,87075.5441,0.0,60.0,False
165,Turning_Milling,86843.129,87082.6698,0.0,239.5408,False
162,Round_Grinding,87034.3689,87115.5223,0.0,81.1534,False
163,Laser_Marking,86962.432,87128.98,23.5926,166.548,False
165,QC_Turning,87082.6698,87152.2938,0.0,69.624,False
164,Turning_Milling,86575.1941,87205.6369,0.0,630.4428,False
164,QC_Turning,87205.6369,87221.695,0.0,16.0581,False
162,Final_Inspection,87115.5223,87230.2332,0.0,114.7109,False
165,Laser_Marking,87152.2938,87233.491,0.0,81.1972,False
164,Laser_Marking,87233.491,87266.4878,11.796,32.9968,False
163,Lapping,87128.98,87270.6861,0.0,141.7061,False
165,Lapping,87233.491,87273.1334,0.0,39.6424,False
162,Packing,87230.2332,87290.2332,0.0,60.0,False
163,Round_Grinding,87270.6861,87336.5572,0.0,65.8711,False
164,Lapping,87270.6861,87346.2803,4.1983,75.5942,False
163,Final_Inspection,87336.5572,87361.1592,0.0,24.602,False
166,Turning_Milling,87369.13,87418.5228,0.0,49.3928,False
163,Packing,87361.1592,87421.1592,0.0,60.0,False
165,Round_Grinding,87273.1334,87442.0186,0.0,168.8852,False
166,QC_Turning,87418.5228,87459.9459,0.0,41.4232,False
166,Laser_Marking,87459.9459,87480.4304,0.0,20.4844,False
164,Round_Grinding,87346.2803,87592.0597,0.0,245.7794,False
166,Lapping,87480.4304,87634.5384,0.0,154.108,False
165,Final_Inspection,87442.0186,87709.431,0.0,267.4124,False
165,Packing,87709.431,87769.431,0.0,60.0,False
166,Round_Grinding,87634.5384,87781.1233,0.0,146.5849,False
164,Final_Inspection,87709.431,87920.9059,117.3713,211.475,False
166,Final_Inspection,87920.9059,87943.666,139.7827,22.7601,False
164,Packing,87920.9059,87980.9059,0.0,60.0,False
166,Packing,87980.9059,88040.9059,37.2399,60.0,False
167,Turning_Milling,87797.3838,88125.2134,0.0,327.8296,False
167,QC_Turning,88125.2134,88173.4344,0.0,48.2209,False
167,Laser_Marking,88173.4344,88249.502,0.0,76.0676,False
167,Lapping,88249.502,88321.3354,0.0,71.8334,False
167,Round_Grinding,88321.3354,88430.4775,0.0,109.1421,False
167,Final_Inspection,88430.4775,88547.0416,0.0,116.5642,False
167,Packing,88547.0416,88607.0416,0.0,60.0,False
168,Turning_Milling,88400.5774,88895.2815,0.0,494.7041,False
168,QC_Turning,88895.2815,88932.6334,0.0,37.3519,False
168,Laser_Marking,88932.6334,88993.8308,0.0,61.1974,False
168,Lapping,88993.8308,89061.5159,0.0,67.685,False
168,Round_Grinding,89061.5159,89286.0552,0.0,224.5393,False
169,Turning_Milling,89094.3223,89413.0599,0.0,318.7376,False
169,QC_Turning,89413.0599,89478.3078,0.0,65.248,False
169,Laser_Marking,89478.3078,89513.0687,0.0,34.7609,False
168,Final_Inspection,89286.0552,89532.2199,0.0,246.1647,False
168,Packing,89532.2199,89592.2199,0.0,60.0,False
169,Lapping,89513.0687,89595.4935,0.0,82.4248,False
169,Round_Grinding,89595.4935,89631.5366,0.0,36.0431,False
169,Final_Inspection,89631.5366,89728.7673,0.0,97.2307,False
169,Packing,89728.7673,89788.7673,0.0,60.0,False
170,Turning_Milling,89610.7427,90110.4536,0.0,499.7109,False
170,QC_Turning,90110.4536,90167.0527,0.0,56.5991,False
171,Turning_Milling,89853.5515,90170.4011,0.0,316.8496,False
170,Laser_Marking,90167.0527,90196.2161,0.0,29.1634,False
171,QC_Turning,90170.4011,90235.2752,0.0,64.8741,False
170,Lapping,90196.2161,90246.3093,0.0,50.0932,False
171,Laser_Marking,90235.2752,90354.6277,0.0,119.3525,False
171,Lapping,90354.6277,90429.2715,0.0,74.6439,False
173,Turning_Milling,90366.2012,90522.6166,0.0,156.4154,False
170,Round_Grinding,90246.3093,90570.3484,0.0,324.0391,False
171,Round_Grinding,90429.2715,90628.7206,0.0,199.4491,False
173,QC_Turning,90522.6166,90640.4279,0.0,117.8114,False
170,Final_Inspection,90570.3484,90660.3546,0.0,90.0061,False
171,Final_Inspection,90660.3546,90699.1753,31.634,38.8207,False
173,Laser_Marking,90640.4279,90701.0128,0.0,60.5848,False
170,Packing,90660.3546,90720.3546,0.0,60.0,False
173,Lapping,90701.0128,90730.0022,0.0,28.9895,False
172,Turning_Milling,89896.1932,90757.7573,0.0,861.5641,False
171,Packing,90720.3546,90780.3546,21.1793,60.0,False
172,QC_Turning,90757.7573,90796.2581,0.0,38.5007,False
172,Laser_Marking,90796.2581,90835.9319,0.0,39.6739,False
172,Lapping,90835.9319,90863.5381,0.0,27.6062,False
173,Round_Grinding,90730.0022,90888.7321,0.0,158.7298,False
173,Final_Inspection,90888.7321,90932.6022,0.0,43.8701,False
173,Packing,90932.6022,90992.6022,0.0,60.0,False
172,Round_Grinding,90863.5381,91065.8767,0.0,202.3385,False
172,Final_Inspection,91065.8767,91150.6714,0.0,84.7947,False
172,Packing,91150.6714,91210.6714,0.0,60.0,False
174,Turning_Milling,91536.1267,91711.4584,0.0,175.3317,False
174,QC_Turning,91711.4584,91784.5984,0.0,73.1399,False
174,Laser_Marking,91784.5984,91817.0966,0.0,32.4982,False
174,Lapping,91817.0966,91878.2407,0.0,61.1441,False
174,Round_Grinding,91878.2407,91954.8328,0.0,76.5921,False
174,Final_Inspection,91954.8328,92177.1394,0.0,222.3066,False
174,Packing,92177.1394,92237.1394,0.0,60.0,False
175,Turning_Milling,92629.35,92911.3545,0.0,282.0046,False
175,QC_Turning,92911.3545,92954.6587,0.0,43.3042,False
175,Laser_Marking,92954.6587,93044.8434,0.0,90.1848,False
176,Turning_Milling,92831.7907,93053.9157,0.0,222.125,False
175,Lapping,93044.8434,93147.0262,0.0,102.1828,False
176,QC_Turning,93053.9157,93173.7275,0.0,119.8118,False
176,Laser_Marking,93173.7275,93211.6867,0.0,37.9592,False
176,Lapping,93211.6867,93252.0806,0.0,40.3939,False
175,Round_Grinding,93147.0262,93305.7063,0.0,158.6801,False
176,Round_Grinding,93252.0806,93350.3954,0.0,98.3148,False
175,Final_Inspection,93305.7063,93353.1738,0.0,47.4675,False
176,Final_Inspection,93353.1738,93411.3584,2.7784,58.1847,False
175,Packing,93353.1738,93413.1738,0.0,60.0,False
176,Packing,93413.1738,93473.1738,1.8153,60.0,False
177,Turning_Milling,93497.4323,93660.5737,0.0,163.1414,False
177,QC_Turning,93660.5737,93714.8078,0.0,54.2341,False
177,Laser_Marking,93714.8078,93815.1314,0.0,100.3236,False
177,Lapping,93815.1314,93917.5889,0.0,102.4575,False
177,Round_Grinding,93917.5889,94383.8506,0.0,466.2617,False
177,Final_Inspection,94383.8506,94431.2998,0.0,47.4492,False
177,Packing,94431.2998,94491.2998,0.0,60.0,False
179,Turning_Milling,94720.4551,94843.2543,0.0,122.7992,False
180,Turning_Milling,94881.7481,95030.7489,0.0,149.0008,False
179,QC_Turning,94843.2543,95196.4589,0.0,353.2046,False
179,Laser_Marking,95196.4589,95266.2359,0.0,69.777,False
180,QC_Turning,95196.4589,95286.5143,165.71,90.0554,False
180,Laser_Marking,95286.5143,95323.8366,0.0,37.3223,False
179,Lapping,95266.2359,95366.4926,0.0,100.2568,False
180,Lapping,95323.8366,95484.615,0.0,160.7785,False
181,Turning_Milling,95248.6703,95550.2785,0.0,301.6082,False
181,QC_Turning,95550.2785,95570.2302,0.0,19.9517,False
181,Laser_Marking,95570.2302,95621.9016,0.0,51.6714,False
180,Round_Grinding,95484.615,95633.7652,0.0,149.1502,False
180,Final_Inspection,95633.7652,95683.014,0.0,49.2488,False
180,Packing,95683.014,95743.014,0.0,60.0,False
181,Lapping,95621.9016,95752.926,0.0,131.0244,False
178,Turning_Milling,94624.6932,95759.0717,0.0,1134.3785,False
178,QC_Turning,95759.0717,95786.1178,0.0,27.0461,False
178,Laser_Marking,95786.1178,95809.012,0.0,22.8942,False
181,Round_Grinding,95752.926,95834.5022,0.0,81.5761,False
179,Round_Grinding,95366.4926,95841.9737,0.0,475.481,False
181,Final_Inspection,95834.5022,95863.4317,0.0,28.9296,False
178,Lapping,95809.012,95888.5745,0.0,79.5625,False
179,Final_Inspection,95863.4317,95919.3587,21.4581,55.927,False
181,Packing,95863.4317,95923.4317,0.0,60.0,False
178,Round_Grinding,95888.5745,95942.1818,0.0,53.6073,False
179,Packing,95923.4317,95983.4317,4.073,60.0,False
182,Turning_Milling,95669.3031,95991.0144,0.0,321.7113,False
182,QC_Turning,95991.0144,96088.8856,0.0,97.8712,False
178,Final_Inspection,95942.1818,96093.7157,0.0,151.5338,False
182,Laser_Marking,96088.8856,96101.8287,0.0,12.9431,False
182,Lapping,96101.8287,96123.2766,0.0,21.4479,False
178,Packing,96093.7157,96153.7157,0.0,60.0,False
183,Turning_Milling,96490.0256,96663.5783,0.0,173.5527,False
183,QC_Turning,96663.5783,96729.543,0.0,65.9647,False
183,Laser_Marking,96729.543,96808.3295,0.0,78.7866,False
182,Round_Grinding,96123.2766,96831.2823,0.0,708.0057,False
182,Final_Inspection,96831.2823,96891.8746,0.0,60.5923,False
183,Lapping,96808.3295,96907.6699,0.0,99.3404,False
182,Packing,96891.8746,96951.8746,0.0,60.0,False
183,Round_Grinding,96907.6699,97063.713,0.0,156.0431,False
183,Final_Inspection,97063.713,97084.1594,0.0,20.4464,False
183,Packing,97084.1594,97144.1594,0.0,60.0,False
184,Turning_Milling,97139.2182,97865.9683,0.0,726.7502,False
184,QC_Turning,97865.9683,98063.2779,0.0,197.3096,False
184,Laser_Marking,98063.2779,98087.1108,0.0,23.8329,False
184,Lapping,98087.1108,98168.4846,0.0,81.3738,False
186,Turning_Milling,97846.3382,98181.9586,0.0,335.6204,False
187,Turning_Milling,97968.0038,98284.2277,0.0,316.224,False
186,QC_Turning,98181.9586,98289.7462,0.0,107.7876,False
188,Turning_Milling,98166.1479,98321.4636,0.0,155.3157,True
186,Laser_Marking,98289.7462,98338.3945,0.0,48.6484,False
184,Round_Grinding,98168.4846,98388.7906,0.0,220.306,False
187,QC_Turning,98289.7462,98394.5277,5.5184,104.7815,False
184,Final_Inspection,98388.7906,98428.1463,0.0,39.3557,False
186,Lapping,98338.3945,98433.5402,0.0,95.1457,False
187,Laser_Marking,98394.5277,98445.3931,0.0,50.8654,False
186,Round_Grinding,98433.5402,98483.7183,0.0,50.1781,False
184,Packing,98428.1463,98488.1463,0.0,60.0,False
187,Lapping,98445.3931,98507.0908,0.0,61.6977,False
188,QC_Turning,98394.5277,98514.187,73.0641,119.6593,False
190,Turning_Milling,98431.4925,98555.0202,0.0,123.5277,False
187,Round_Grinding,98507.0908,98586.4419,0.0,79.3511,False
188,Laser_Marking,98514.187,98594.4333,0.0,80.2463,False
188,Lapping,98594.4333,98606.2142,0.0,11.7809,False
189,Turning_Milling,98365.0635,98610.9588,0.0,245.8952,False
190,QC_Turning,98555.0202,98621.6504,0.0,66.6302,False
186,Final_Inspection,98483.7183,98636.4041,0.0,152.6858,False
190,Laser_Marking,98621.6504,98650.4173,0.0,28.7668,False
188,Round_Grinding,98606.2142,98650.7703,0.0,44.5561,False
189,QC_Turning,98621.6504,98674.4767,10.6917,52.8263,False
186,Packing,98636.4041,98696.4041,0.0,60.0,False
187,Final_Inspection,98636.4041,98702.1425,49.9622,65.7384,False
190,Lapping,98650.4173,98705.1943,0.0,54.777,False
189,Laser_Marking,98674.4767,98707.8102,0.0,33.3335,False
190,Round_Grinding,98705.1943,98743.2619,0.0,38.0676,False
187,Packing,98702.1425,98762.1425,0.0,60.0,False
188,Final_Inspection,98702.1425,98762.8254,51.3722,60.6829,False
189,Lapping,98707.8102,98773.7563,0.0,65.9461,False
185,Turning_Milling,97696.0391,98789.4097,0.0,1093.3707,False
190,Final_Inspection,98762.8254,98821.1347,19.5636,58.3092,False
188,Packing,98762.8254,98822.8254,0.0,60.0,False
190,Packing,98822.8254,98882.8254,1.6908,60.0,False
185,QC_Turning,98789.4097,98982.6409,0.0,193.2311,False
185,Laser_Marking,98982.6409,98991.6231,0.0,8.9822,False
185,Lapping,98991.6231,99004.4711,0.0,12.8479,False
189,Round_Grinding,98773.7563,99004.9759,0.0,231.2196,False
191,Turning_Milling,98959.9977,99083.7206,0.0,123.7229,False
189,Final_Inspection,99004.9759,99347.8474,0.0,342.8716,False
191,QC_Turning,99083.7206,99361.302,0.0,277.5814,False
191,Laser_Marking,99361.302,99378.8992,0.0,17.5972,False
191,Lapping,99378.8992,99402.9083,0.0,24.0092,False
189,Packing,99347.8474,99407.8474,0.0,60.0,False
192,Turning_Milling,99209.4265,99472.2911,0.0,262.8646,False
191,Round_Grinding,99402.9083,99539.7762,0.0,136.8679,False
192,QC_Turning,99472.2911,99540.1139,0.0,67.8228,False
192,Laser_Marking,99540.1139,99597.5866,0.0,57.4727,False
185,Round_Grinding,99004.4711,99629.5547,0.0,625.0836,False
192,Lapping,99597.5866,99642.8969,0.0,45.3103,False
191,Final_Inspection,99539.7762,99680.8715,0.0,141.0952,False
192,Round_Grinding,99642.8969,99694.3012,0.0,51.4043,False
191,Packing,99680.8715,99740.8715,0.0,60.0,False
185,Final_Inspection,99680.8715,99754.2634,51.3168,73.3919,False
192,Final_Inspection,99754.2634,99802.411,59.9622,48.1476,False
185,Packing,99754.2634,99814.2634,0.0,60.0,False
192,Packing,99814.2634,99874.2634,11.8524,60.0,False
193,Turning_Milling,99954.1347,100350.3087,0.0,396.174,False
196,Turning_Milling,100173.4649,100440.4272,0.0,266.9623,False
195,Turning_Milling,100120.1963,100457.0084,0.0,336.8121,False
194,Turning_Milling,100078.0084,100460.8289,0.0,382.8206,False
193,QC_Turning,100350.3087,100580.2207,0.0,229.912,False
193,Laser_Marking,100580.2207,100602.4412,0.0,22.2205,False
196,QC_Turning,100580.2207,100602.6547,139.7935,22.434,False
196,Laser_Marking,100602.6547,100658.7411,0.0,56.0863,False
196,Lapping,100658.7411,100675.7821,0.0,17.041,False
193,Lapping,100602.4412,100680.6854,0.0,78.2442,False
195,QC_Turning,100602.6547,100696.438,145.6464,93.7833,False
195,Laser_Marking,100696.438,100705.7169,0.0,9.2789,False
195,Lapping,100705.7169,100735.9233,0.0,30.2064,False
196,Round_Grinding,100675.7821,100738.985,0.0,63.2029,False
197,Turning_Milling,100392.9449,100770.7218,0.0,377.7769,False
194,QC_Turning,100696.438,100780.6389,235.6091,84.2009,False
198,Turning_Milling,100419.002,100796.7201,0.0,377.7181,False
196,Final_Inspection,100738.985,100810.8063,0.0,71.8213,False
197,QC_Turning,100780.6389,100816.0865,9.9172,35.4476,False
195,Round_Grinding,100735.9233,100823.4249,0.0,87.5016,False
196,Packing,100810.8063,100870.8063,0.0,60.0,False
198,QC_Turning,100816.0865,100886.897,19.3664,70.8105,False
194,Laser_Marking,100780.6389,100920.1106,0.0,139.4717,False
194,Lapping,100920.1106,100968.1577,0.0,48.0471,False
197,Laser_Marking,100920.1106,100985.2421,104.0241,65.1314,False
197,Lapping,100985.2421,101014.5983,0.0,29.3562,False
198,Laser_Marking,100985.2421,101016.2939,98.3451,31.0518,False
198,Lapping,101016.2939,101049.6524,0.0,33.3585,False
197,Round_Grinding,101014.5983,101116.4084,0.0,101.8102,False
195,Final_Inspection,100823.4249,101219.4616,0.0,396.0367,False
193,Round_Grinding,100680.6854,101273.3685,0.0,592.6831,False
195,Packing,101219.4616,101279.4616,0.0,60.0,False
197,Final_Inspection,101219.4616,101289.4402,103.0532,69.9786,False
194,Round_Grinding,100968.1577,101321.6062,0.0,353.4485,False
193,Final_Inspection,101289.4402,101334.1873,16.0717,44.7471,False
197,Packing,101289.4402,101349.4402,0.0,60.0,False
194,Final_Inspection,101334.1873,101375.7162,12.581,41.5289,False
193,Packing,101349.4402,101409.4402,15.2529,60.0,False
194,Packing,101409.4402,101469.4402,33.724,60.0,False
198,Round_Grinding,101049.6524,101595.4453,0.0,545.7929,False
198,Final_Inspection,101595.4453,101642.0782,0.0,46.6329,False
199,Turning_Milling,101223.5571,101698.702,0.0,475.1449,False
198,Packing,101642.0782,101702.0782,0.0,60.0,False
199,QC_Turning,101698.702,101806.6488,0.0,107.9468,False
199,Laser_Marking,101806.6488,101909.1396,0.0,102.4908,False
199,Lapping,101909.1396,101951.5993,0.0,42.4597,False
199,Round_Grinding,101951.5993,102116.6923,0.0,165.093,False
199,Final_Inspection,102116.6923,102164.9533,0.0,48.261,False
199,Packing,102164.9533,102224.9533,0.0,60.0,False
200,Turning_Milling,102497.9034,102635.0968,0.0,137.1934,False
200,QC_Turning,102635.0968,102719.6999,0.0,84.6031,False
200,Laser_Marking,102719.6999,102811.6516,0.0,91.9517,False
200,Lapping,102811.6516,102900.4763,0.0,88.8247,False
200,Round_Grinding,102900.4763,102978.0449,0.0,77.5686,False
200,Final_Inspection,102978.0449,102996.8641,0.0,18.8192,False
201,Turning_Milling,102769.5313,103017.157,0.0,247.6256,False
200,Packing,102996.8641,103056.8641,0.0,60.0,False
201,QC_Turning,103017.157,103092.6175,0.0,75.4606,False
201,Laser_Marking,103092.6175,103130.2506,0.0,37.6331,False
201,Lapping,103130.2506,103233.9936,0.0,103.743,False
201,Round_Grinding,103233.9936,103390.3083,0.0,156.3147,False
201,Final_Inspection,103390.3083,103511.3985,0.0,121.0903,False
201,Packing,103511.3985,103571.3985,0.0,60.0,False
202,Turning_Milling,103765.2226,104083.6282,0.0,318.4056,False
202,QC_Turning,104083.6282,104139.9685,0.0,56.3404,False
202,Laser_Marking,104139.9685,104164.204,0.0,24.2354,False
202,Lapping,104164.204,104376.805,0.0,212.601,False
203,Turning_Milling,104433.0217,104499.1356,0.0,66.1139,False
203,QC_Turning,104499.1356,104518.0457,0.0,18.9101,False
203,Laser_Marking,104518.0457,104572.3665,0.0,54.3209,False
202,Round_Grinding,104376.805,104589.2362,0.0,212.4312,False
203,Lapping,104572.3665,104596.3682,0.0,24.0017,False
202,Final_Inspection,104589.2362,104647.3275,0.0,58.0914,False
203,Round_Grinding,104596.3682,104673.7765,0.0,77.4083,False
203,Final_Inspection,104673.7765,104694.765,0.0,20.9885,False
202,Packing,104647.3275,104707.3275,0.0,60.0,False
203,Packing,104707.3275,104767.3275,12.5625,60.0,False
204,Turning_Milling,105585.7128,105934.9284,0.0,349.2157,False
204,QC_Turning,105934.9284,105949.2115,0.0,14.2831,False
204,Laser_Marking,105949.2115,106106.4398,0.0,157.2283,False
204,Lapping,106106.4398,106130.9243,0.0,24.4845,False
204,Round_Grinding,106130.9243,106418.9047,0.0,287.9804,False
205,Turning_Milling,106134.4674,106491.8032,0.0,357.3358,False
205,QC_Turning,106491.8032,106531.5084,0.0,39.7051,False
205,Laser_Marking,106531.5084,106550.7371,0.0,19.2288,False
205,Lapping,106550.7371,106603.6688,0.0,52.9317,False
205,Round_Grinding,106603.6688,106697.7757,0.0,94.1069,False
204,Final_Inspection,106418.9047,106812.1804,0.0,393.2757,False
204,Packing,106812.1804,106872.1804,0.0,60.0,False
205,Final_Inspection,106812.1804,106891.4252,114.4048,79.2448,False
206,Turning_Milling,106647.3692,106923.5922,0.0,276.223,False
205,Packing,106891.4252,106951.4252,0.0,60.0,False
206,QC_Turning,106923.5922,107003.5663,0.0,79.9741,False
206,Laser_Marking,107003.5663,107115.1737,0.0,111.6074,False
206,Lapping,107115.1737,107205.4409,0.0,90.2672,False
206,Round_Grinding,107205.4409,107371.6941,0.0,166.2532,False
206,Final_Inspection,107371.6941,107420.5699,0.0,48.8758,False
206,Packing,107420.5699,107480.5699,0.0,60.0,False
207,Turning_Milling,107322.7889,107528.7341,0.0,205.9452,False
207,QC_Turning,107528.7341,107592.9666,0.0,64.2326,True
207,Laser_Marking,107592.9666,107656.747,0.0,63.7803,False
207,Lapping,107656.747,107745.6004,0.0,88.8534,False
207,Round_Grinding,107745.6004,107868.7291,0.0,123.1287,False
207,Final_Inspection,107868.7291,107992.1718,0.0,123.4427,False
207,Packing,107992.1718,108052.1718,0.0,60.0,False
208,Turning_Milling,108022.5243,108121.6906,0.0,99.1663,False
209,Turning_Milling,108459.4755,108610.6246,0.0,151.149,False
208,QC_Turning,108121.6906,108670.1637,0.0,548.4731,False
208,Laser_Marking,108670.1637,108785.9772,0.0,115.8135,False
209,QC_Turning,108670.1637,108916.3373,59.5391,246.1736,False
209,Laser_Marking,108916.3373,108981.4053,0.0,65.068,False
208,Lapping,108785.9772,108992.2727,0.0,206.2955,False
209,Lapping,108981.4053,109039.8064,0.0,58.4011,False
208,Round_Grinding,108992.2727,109043.5538,0.0,51.2811,False
208,Final_Inspection,109043.5538,109122.2535,0.0,78.6997,False
209,Round_Grinding,109039.8064,109168.0287,0.0,128.2222,False
208,Packing,109122.2535,109182.2535,0.0,60.0,False
209,Final_Inspection,109168.0287,109330.5858,0.0,162.5571,False
209,Packing,109330.5858,109390.5858,0.0,60.0,False
210,Turning_Milling,109192.0351,109394.9465,0.0,202.9114,False
210,QC_Turning,109394.9465,109452.3464,0.0,57.3999,False
213,Turning_Milling,109308.9504,109494.0116,0.0,185.0612,False
210,Laser_Marking,109452.3464,109514.0132,0.0,61.6669,False
212,Turning_Milling,109282.1428,109538.2991,0.0,256.1563,False
213,QC_Turning,109494.0116,109539.874,0.0,45.8624,False
211,Turning_Milling,109279.8056,109548.9528,0.0,269.1472,False
212,QC_Turning,109539.874,109552.3133,1.5748,12.4393,False
213,Laser_Marking,109539.874,109582.5799,0.0,42.706,False
212,Laser_Marking,109582.5799,109624.0794,30.2666,41.4995,False
210,Lapping,109514.0132,109626.8672,0.0,112.854,False
211,QC_Turning,109552.3133,109636.7559,3.3605,84.4426,False
211,Laser_Marking,109636.7559,109680.7278,0.0,43.9719,False
212,Lapping,109626.8672,109722.3292,2.7878,95.462,False
213,Lapping,109582.5799,109751.9037,0.0,169.3238,False
213,Round_Grinding,109751.9037,109862.3088,0.0,110.405,False
211,Lapping,109722.3292,109955.989,41.6014,233.6599,False
210,Round_Grinding,109626.8672,109996.1198,0.0,369.2525,False
212,Round_Grinding,109722.3292,110087.007,0.0,364.6778,False
213,Final_Inspection,109862.3088,110102.641,0.0,240.3322,False
211,Round_Grinding,109955.989,110114.5325,0.0,158.5435,False
210,Final_Inspection,110102.641,110161.5326,106.5212,58.8916,False
213,Packing,110102.641,110162.641,0.0,60.0,False
210,Packing,110162.641,110222.641,1.1084,60.0,False
212,Final_Inspection,110161.5326,110261.1594,74.5256,99.6268,False
214,Turning_Milling,109797.9694,110320.5166,0.0,522.5472,False
212,Packing,110261.1594,110321.1594,0.0,60.0,False
214,QC_Turning,110320.5166,110389.11,0.0,68.5934,False
214,Laser_Marking,110389.11,110406.2184,0.0,17.1085,False
211,Final_Inspection,110261.1594,110413.7211,146.6269,152.5617,False
211,Packing,110413.7211,110473.7211,0.0,60.0,False
214,Lapping,110406.2184,110560.8988,0.0,154.6803,False
214,Round_Grinding,110560.8988,110625.8315,0.0,64.9328,False
214,Final_Inspection,110625.8315,110952.0589,0.0,326.2273,False
214,Packing,110952.0589,111012.0589,0.0,60.0,False
216,Turning_Milling,110892.9368,111110.0057,0.0,217.0689,False
216,QC_Turning,111110.0057,111230.2089,0.0,120.2032,False
216,Laser_Marking,111230.2089,111286.63,0.0,56.4211,False
216,Lapping,111286.63,111327.6948,0.0,41.0648,False
216,Round_Grinding,111327.6948,111450.1265,0.0,122.4317,False
216,Final_Inspection,111450.1265,111517.8174,0.0,67.6909,True
217,Turning_Milling,111401.9207,111548.0582,0.0,146.1375,False
216,Packing,111517.8174,111577.8174,0.0,60.0,False
217,QC_Turning,111548.0582,111601.9418,0.0,53.8836,False
217,Laser_Marking,111601.9418,111634.8613,0.0,32.9195,False
217,Lapping,111634.8613,112019.4391,0.0,384.5778,False
217,Round_Grinding,112019.4391,112076.4411,0.0,57.002,False
217,Final_Inspection,112076.4411,112204.6537,0.0,128.2126,False
218,Turning_Milling,112051.246,112243.3249,0.0,192.0789,False
217,Packing,112204.6537,112264.6537,0.0,60.0,False
215,Turning_Milling,110342.5248,112325.1947,0.0,1982.6699,False
218,QC_Turning,112243.3249,112327.7868,0.0,84.4619,False
220,Turning_Milling,112277.5337,112340.2555,0.0,62.7218,False
218,Laser_Marking,112327.7868,112369.2376,0.0,41.4507,False
215,QC_Turning,112327.7868,112374.4166,2.5921,46.6298,False
220,QC_Turning,112374.4166,112394.1394,34.1611,19.7228,False
215,Laser_Marking,112374.4166,112452.2497,0.0,77.8331,False
218,Lapping,112369.2376,112454.963,0.0,85.7255,False
220,Laser_Marking,112452.2497,112488.9244,58.1103,36.6747,False
215,Lapping,112452.2497,112556.6272,0.0,104.3775,False
220,Lapping,112488.9244,112647.5994,0.0,158.675,False
219,Turning_Milling,112268.5488,112661.2598,0.0,392.711,False
218,Round_Grinding,112454.963,112675.2068,0.0,220.2437,False
220,Round_Grinding,112647.5994,112689.0106,0.0,41.4111,False
215,Round_Grinding,112556.6272,112704.2856,0.0,147.6584,False
219,QC_Turning,112661.2598,112708.6052,0.0,47.3454,False
219,Laser_Marking,112708.6052,112748.8747,0.0,40.2696,False
219,Lapping,112748.8747,112803.4247,0.0,54.55,False
218,Final_Inspection,112675.2068,112845.8386,0.0,170.6318,False
220,Final_Inspection,112845.8386,112873.9313,156.828,28.0927,False
218,Packing,112845.8386,112905.8386,0.0,60.0,False
220,Packing,112905.8386,112965.8386,31.9073,60.0,False
215,Final_Inspection,112873.9313,112981.0627,169.6457,107.1314,False
215,Packing,112981.0627,113041.0627,0.0,60.0,False
219,Round_Grinding,112803.4247,113314.1845,0.0,510.7598,False
219,Final_Inspection,113314.1845,113374.6349,0.0,60.4504,False
219,Packing,113374.6349,113434.6349,0.0,60.0,False
221,Turning_Milling,114903.4553,115042.3952,0.0,138.9399,False
222,Turning_Milling,114911.5733,115085.1145,0.0,173.5412,False
221,QC_Turning,115042.3952,115091.6045,0.0,49.2092,False
222,QC_Turning,115091.6045,115116.6559,6.49,25.0514,False
221,Laser_Marking,115091.6045,115118.3944,0.0,26.79,False
222,Laser_Marking,115118.3944,115131.4704,1.7386,13.0759,False
222,Lapping,115131.4704,115165.1374,0.0,33.667,False
223,Turning_Milling,115004.5615,115223.6901,0.0,219.1286,False
223,QC_Turning,115223.6901,115258.4599,0.0,34.7698,False
221,Lapping,115118.3944,115291.5789,0.0,173.1844,False
223,Laser_Marking,115258.4599,115296.7499,0.0,38.29,False
223,Lapping,115296.7499,115319.241,0.0,22.4911,False
223,Round_Grinding,115319.241,115447.0737,0.0,127.8327,False
221,Round_Grinding,115291.5789,115503.582,0.0,212.0031,False
223,Final_Inspection,115447.0737,115566.0993,0.0,119.0256,False
223,Packing,115566.0993,115626.0993,0.0,60.0,False
222,Round_Grinding,115165.1374,115728.5844,0.0,563.4471,False
221,Final_Inspection,115566.0993,115861.631,62.5173,295.5317,False
221,Packing,115861.631,115921.631,0.0,60.0,False
224,Turning_Milling,115689.2838,116001.4657,0.0,312.1819,False
224,QC_Turning,116001.4657,116116.9606,0.0,115.4949,False
225,Turning_Milling,115922.8632,116143.4911,0.0,220.6279,False
224,Laser_Marking,116116.9606,116179.2749,0.0,62.3142,False
222,Final_Inspection,115861.631,116194.3505,133.0465,332.7196,True
224,Lapping,116179.2749,116234.4413,0.0,55.1664,False
222,Packing,116194.3505,116254.3505,0.0,60.0,False
225,QC_Turning,116143.4911,116292.6945,0.0,149.2034,False
224,Round_Grinding,116234.4413,116370.2161,0.0,135.7748,False
225,Laser_Marking,116292.6945,116386.9093,0.0,94.2148,False
226,Turning_Milling,115985.1245,116397.2102,0.0,412.0858,False
225,Lapping,116386.9093,116416.8952,0.0,29.9859,False
224,Final_Inspection,116370.2161,116443.0505,0.0,72.8344,False
226,QC_Turning,116397.2102,116502.062,0.0,104.8518,False
224,Packing,116443.0505,116503.0505,0.0,60.0,False
226,Laser_Marking,116502.062,116516.9486,0.0,14.8865,False
225,Round_Grinding,116416.8952,116605.6476,0.0,188.7524,False
226,Lapping,116516.9486,116620.3313,0.0,103.3827,False
225,Final_Inspection,116605.6476,116906.6113,0.0,300.9636,False
225,Packing,116906.6113,116966.6113,0.0,60.0,False
226,Round_Grinding,116620.3313,117101.0514,0.0,480.7201,False
226,Final_Inspection,117101.0514,117585.3265,0.0,484.2752,False
228,Turning_Milling,117413.0044,117640.8164,0.0,227.8121,False
226,Packing,117585.3265,117645.3265,0.0,60.0,False
228,QC_Turning,117640.8164,117658.2268,0.0,17.4104,False
228,Laser_Marking,117658.2268,117676.9839,0.0,18.7571,False
229,Turning_Milling,117414.8844,117753.8122,0.0,338.9278,False
229,QC_Turning,117753.8122,117765.8586,0.0,12.0464,False
229,Laser_Marking,117765.8586,117793.3352,0.0,27.4765,False
230,Turning_Milling,117667.194,117869.8071,0.0,202.6131,False
229,Lapping,117793.3352,117890.5774,0.0,97.2423,False
230,QC_Turning,117869.8071,117938.7971,0.0,68.99,False
230,Laser_Marking,117938.7971,118004.5817,0.0,65.7846,False
228,Lapping,117676.9839,118029.0517,0.0,352.0677,False
228,Round_Grinding,118029.0517,118076.7639,0.0,47.7122,False
230,Lapping,118004.5817,118145.66,0.0,141.0783,False
228,Final_Inspection,118076.7639,118192.3612,0.0,115.5973,False
230,Round_Grinding,118145.66,118221.9302,0.0,76.2703,False
229,Round_Grinding,117890.5774,118242.3404,0.0,351.7629,False
230,Final_Inspection,118221.9302,118251.0588,0.0,29.1285,False
228,Packing,118192.3612,118252.3612,0.0,60.0,False
229,Final_Inspection,118251.0588,118281.067,8.7184,30.0082,False
230,Packing,118252.3612,118312.3612,1.3024,60.0,False
229,Packing,118312.3612,118372.3612,31.2942,60.0,False
231,Turning_Milling,118259.4001,118411.6029,0.0,152.2028,False
231,QC_Turning,118411.6029,118483.6436,0.0,72.0406,False
227,Turning_Milling,116106.8703,118534.2063,0.0,2427.3359,False
227,QC_Turning,118534.2063,118582.3124,0.0,48.1061,False
231,Laser_Marking,118483.6436,118677.3844,0.0,193.7408,False
231,Lapping,118677.3844,118700.1046,0.0,22.7202,False
227,Laser_Marking,118677.3844,118710.707,95.072,33.3226,False
227,Lapping,118710.707,118784.0833,0.0,73.3763,False
227,Round_Grinding,118784.0833,118824.1076,0.0,40.0243,False
227,Final_Inspection,118824.1076,118871.7609,0.0,47.6533,False
227,Packing,118871.7609,118931.7609,0.0,60.0,False
231,Round_Grinding,118700.1046,119011.1084,0.0,311.0038,False
231,Final_Inspection,119011.1084,119039.83,0.0,28.7216,False
231,Packing,119039.83,119099.83,0.0,60.0,False
232,Turning_Milling,119185.5358,119458.2974,0.0,272.7616,False
232,QC_Turning,119458.2974,119521.3942,0.0,63.0968,False
232,Laser_Marking,119521.3942,119597.3546,0.0,75.9603,False
232,Lapping,119597.3546,119645.8817,0.0,48.5271,False
232,Round_Grinding,119645.8817,119723.6605,0.0,77.7788,False
232,Final_Inspection,119723.6605,119814.5777,0.0,90.9172,False
232,Packing,119814.5777,119874.5777,0.0,60.0,False
233,Turning_Milling,120764.359,120994.9108,0.0,230.5518,False
233,QC_Turning,120994.9108,121056.6664,0.0,61.7556,False
233,Laser_Marking,121056.6664,121142.9567,0.0,86.2903,False
233,Lapping,121142.9567,121162.4267,0.0,19.4701,False
234,Turning_Milling,120947.9755,121249.7593,0.0,301.7838,False
234,QC_Turning,121249.7593,121308.0481,0.0,58.2888,False
234,Laser_Marking,121308.0481,121350.3274,0.0,42.2793,False
233,Round_Grinding,121162.4267,121440.5934,0.0,278.1667,False
233,Final_Inspection,121440.5934,121494.5772,0.0,53.9837,False
234,Lapping,121350.3274,121527.4476,0.0,177.1202,False
233,Packing,121494.5772,121554.5772,0.0,60.0,False
236,Turning_Milling,121203.9071,121676.7186,0.0,472.8115,False
234,Round_Grinding,121527.4476,121685.6439,0.0,158.1963,False
234,Final_Inspection,121685.6439,121821.9082,0.0,136.2644,False
234,Packing,121821.9082,121881.9082,0.0,60.0,False
236,QC_Turning,121676.7186,121941.4684,0.0,264.7498,False
235,Turning_Milling,120972.9868,121997.0281,0.0,1024.0414,False
236,Laser_Marking,121941.4684,122044.7273,0.0,103.2589,False
235,QC_Turning,121997.0281,122097.3224,0.0,100.2943,False
235,Laser_Marking,122097.3224,122115.087,0.0,17.7646,False
235,Lapping,122115.087,122177.3557,0.0,62.2687,False
236,Lapping,122044.7273,122260.6477,0.0,215.9203,False
235,Round_Grinding,122177.3557,122358.1447,0.0,180.789,False
237,Turning_Milling,121963.4768,122372.9566,0.0,409.4798,False
237,QC_Turning,122372.9566,122399.9991,0.0,27.0425,False
237,Laser_Marking,122399.9991,122444.5044,0.0,44.5053,False
235,Final_Inspection,122358.1447,122450.0761,0.0,91.9313,False
237,Lapping,122444.5044,122465.7314,0.0,21.227,False
235,Packing,122450.0761,122510.0761,0.0,60.0,False
237,Round_Grinding,122465.7314,122562.934,0.0,97.2026,False
236,Round_Grinding,122260.6477,122603.8755,0.0,343.2278,False
237,Final_Inspection,122562.934,122749.0591,0.0,186.1251,False
237,Packing,122749.0591,122809.0591,0.0,60.0,False
236,Final_Inspection,122749.0591,122823.3057,145.1836,74.2466,False
236,Packing,122823.3057,122883.3057,0.0,60.0,False
239,Turning_Milling,122825.8694,123144.3762,0.0,318.5068,False
238,Turning_Milling,122471.6512,123190.1085,0.0,718.4573,False
239,QC_Turning,123144.3762,123768.4109,0.0,624.0346,False
239,Laser_Marking,123768.4109,123801.1424,0.0,32.7315,False
238,QC_Turning,123768.4109,123837.8513,578.3024,69.4404,False
238,Laser_Marking,123837.8513,123850.1977,0.0,12.3464,False
238,Lapping,123850.1977,123906.1411,0.0,55.9434,False
240,Turning_Milling,123705.3335,124002.0013,0.0,296.6678,False
238,Round_Grinding,123906.1411,124032.0052,0.0,125.8641,False
240,QC_Turning,124002.0013,124112.8528,0.0,110.8514,False
239,Lapping,123801.1424,124139.5485,0.0,338.4061,False
240,Laser_Marking,124112.8528,124156.5063,0.0,43.6535,False
241,Turning_Milling,123963.5807,124211.0552,0.0,247.4745,False
238,Final_Inspection,124032.0052,124221.8016,0.0,189.7965,False
239,Round_Grinding,124139.5485,124226.7618,0.0,87.2133,False
240,Lapping,124156.5063,124228.1811,0.0,71.6749,False
239,Final_Inspection,124226.7618,124266.9451,0.0,40.1833,False
238,Packing,124221.8016,124281.8016,0.0,60.0,False
241,QC_Turning,124211.0552,124293.5111,0.0,82.4559,False
239,Packing,124281.8016,124341.8016,14.8566,60.0,False
241,Laser_Marking,124293.5111,124354.6744,0.0,61.1632,False
240,Round_Grinding,124228.1811,124443.6994,0.0,215.5183,False
242,Turning_Milling,124341.5207,124487.5995,0.0,146.0787,False
240,Final_Inspection,124443.6994,124490.8113,0.0,47.1119,False
242,QC_Turning,124487.5995,124510.2669,0.0,22.6675,False
241,Lapping,124354.6744,124536.7091,0.0,182.0347,False
240,Packing,124490.8113,124550.8113,0.0,60.0,False
241,Round_Grinding,124536.7091,124633.4015,0.0,96.6924,False
242,Laser_Marking,124510.2669,124675.3698,0.0,165.1028,False
241,Final_Inspection,124633.4015,124697.6789,0.0,64.2773,False
242,Lapping,124675.3698,124701.776,0.0,26.4062,False
241,Packing,124697.6789,124757.6789,0.0,60.0,False
242,Round_Grinding,124701.776,124825.9548,0.0,124.1788,False
242,Final_Inspection,124825.9548,124870.6578,0.0,44.703,False
242,Packing,124870.6578,124930.6578,0.0,60.0,False
243,Turning_Milling,124930.928,125043.3661,0.0,112.4381,False
243,QC_Turning,125043.3661,125223.1587,0.0,179.7926,False
243,Laser_Marking,125223.1587,125267.272,0.0,44.1132,False
243,Lapping,125267.272,125290.4409,0.0,23.169,False
244,Turning_Milling,125323.6276,125418.3655,0.0,94.7379,False
243,Round_Grinding,125290.4409,125424.4728,0.0,134.0319,False
244,QC_Turning,125418.3655,125443.9166,0.0,25.5511,False
244,Laser_Marking,125443.9166,125536.3793,0.0,92.4628,False
243,Final_Inspection,125424.4728,125557.8681,0.0,133.3953,False
243,Packing,125557.8681,125617.8681,0.0,60.0,False
244,Lapping,125536.3793,125619.0215,0.0,82.6422,False
244,Round_Grinding,125619.0215,125790.1526,0.0,171.1311,False
244,Final_Inspection,125790.1526,126793.0477,0.0,1002.8951,False
245,Turning_Milling,126631.3356,126819.3977,0.0,188.0621,False
244,Packing,126793.0477,126853.0477,0.0,60.0,False
245,QC_Turning,126819.3977,126937.8534,0.0,118.4556,False
246,Turning_Milling,126885.5486,126987.9575,0.0,102.4089,False
245,Laser_Marking,126937.8534,126989.2473,0.0,51.3939,False
